"","rename","Species","names"
"1","Actinomycetaceae_Actinomyces_JQ473788.1.1402","uncultured bacterium","JQ473788.1.1402_actino_extraction"
"2","Actinomycetaceae_Actinomyces_JF125650.1.1285","uncultured bacterium","JF125650.1.1285_actino_extraction"
"3","Actinomycetaceae_Actinomyces_X78719.1.1429","Actinomyces radingae","X78719.1.1429_actino_extraction"
"4","Actinomycetaceae_Actinomyces_JF214543.1.1380","uncultured bacterium","JF214543.1.1380_actino_extraction"
"5","Actinomycetaceae_Actinomyces_KF030200.1.1496","Actinomyces sp. canine oral taxon 407","KF030200.1.1496_actino_extraction"
"6","Actinomycetaceae_Actinomyces_JQ477273.1.1431","uncultured bacterium","JQ477273.1.1431_actino_extraction"
"7","Actinomycetaceae_Actinomyces_JQ476388.1.1420","uncultured bacterium","JQ476388.1.1420_actino_extraction"
"8","Actinomycetaceae_Actinomyces_JQ452940.1.1425","uncultured bacterium","JQ452940.1.1425_actino_extraction"
"9","Actinomycetaceae_F0332_JQ463321.1.1397","uncultured bacterium","JQ463321.1.1397_actino_extraction"
"10","Actinomycetaceae_F0332_JQ452587.1.1395","uncultured bacterium","JQ452587.1.1395_actino_extraction"
"11","Actinomycetaceae_Actinomyces_JQ450650.1.1403","uncultured bacterium","JQ450650.1.1403_actino_extraction"
"12","Actinomycetaceae_Actinomyces_JQ474114.1.1419","uncultured bacterium","JQ474114.1.1419_actino_extraction"
"13","Actinomycetaceae_Actinomyces_KF798093.1.1531","uncultured Actinomycetales bacterium","KF798093.1.1531_actino_extraction"
"14","Actinomycetales Incertae Sedis_Candidatus Ancillula_KP690931.1.1504","uncultured bacterium","KP690931.1.1504_actino_extraction"
"15","Actinomycetaceae_Actinomyces_FJ983028.1.1520","uncultured bacterium","FJ983028.1.1520_actino_extraction"
"16","Actinomycetaceae_Actinomyces_JQ454572.1.1420","uncultured bacterium","JQ454572.1.1420_actino_extraction"
"17","Actinomycetaceae_Trueperella_GQ133850.1.1377","uncultured bacterium","GQ133850.1.1377_actino_extraction"
"18","Actinomycetaceae_Actinomyces_AJ234051.1.1426","Actinomyces naeslundii","AJ234051.1.1426_actino_extraction"
"19","Actinomycetaceae_Actinomyces_JQ455620.1.1369","uncultured bacterium","JQ455620.1.1369_actino_extraction"
"20","Actinomycetaceae_Actinomyces_JQ454959.1.1317","uncultured bacterium","JQ454959.1.1317_actino_extraction"
"21","Actinomycetaceae_Actinomyces_JQ462074.1.1415","uncultured bacterium","JQ462074.1.1415_actino_extraction"
"22","Actinomycetales Incertae Sedis_Candidatus Ancillula_DQ009695.1.1207","uncultured Actinobacteridae bacterium","DQ009695.1.1207_actino_extraction"
"23","Actinomycetaceae_Actinomyces_X81061.1.1434","Actinomyces bovis","X81061.1.1434_actino_extraction"
"24","Actinomycetaceae_F0332_JQ452667.1.1403","uncultured bacterium","JQ452667.1.1403_actino_extraction"
"25","Actinomycetaceae_Actinomyces_AJ234060.1.1378","Actinomyces sp.","AJ234060.1.1378_actino_extraction"
"26","Actinomycetaceae_Arcanobacterium_LT629804.1440213.1441744","Arcanobacterium phocae","LT629804.1440213.1441744_actino_extraction"
"27","Actinomycetaceae_Actinomyces_JX645548.1.1541","uncultured Actinomyces sp.","JX645548.1.1541_actino_extraction"
"28","Actinomycetaceae_Actinomyces_JQ607797.1.1412","bacterium NLAE-zl-C67","JQ607797.1.1412_actino_extraction"
"29","Actinomycetaceae_Actinomyces_JQ463678.1.1434","uncultured bacterium","JQ463678.1.1434_actino_extraction"
"30","Actinomycetaceae_Actinomyces_JF186928.1.1357","uncultured bacterium","JF186928.1.1357_actino_extraction"
"31","Actinomycetaceae_Actinomyces_JQ460566.1.1397","uncultured bacterium","JQ460566.1.1397_actino_extraction"
"32","Actinomycetaceae_Actinomyces_AY349362.1.1541","Actinomyces sp. oral clone GU067","AY349362.1.1541_actino_extraction"
"33","Actinomycetaceae_Actinomyces_JQ475773.1.1422","uncultured bacterium","JQ475773.1.1422_actino_extraction"
"34","Actinomycetaceae_Actinobaculum_LFUS01000026.23006.24558","Actinobaculum suis","LFUS01000026.23006.24558_actino_extraction"
"35","Actinomycetaceae_Actinomyces_JQ467424.1.1424","uncultured bacterium","JQ467424.1.1424_actino_extraction"
"36","Actinomycetales Incertae Sedis_Candidatus Ancillula_JQ993595.1.1448","uncultured actinobacterium","JQ993595.1.1448_actino_extraction"
"37","Actinomycetaceae_Actinomyces_GQ158313.1.1411","uncultured bacterium","GQ158313.1.1411_actino_extraction"
"38","Actinomycetaceae_Actinomyces_JQ464513.1.1428","uncultured bacterium","JQ464513.1.1428_actino_extraction"
"39","Actinomycetaceae_Actinomyces_JQ465368.1.1413","uncultured bacterium","JQ465368.1.1413_actino_extraction"
"40","Actinomycetaceae_Actinomyces_JF182458.1.1372","uncultured bacterium","JF182458.1.1372_actino_extraction"
"41","Actinomycetaceae_Actinomyces_KC203057.1.1441","uncultured Actinomyces sp.","KC203057.1.1441_actino_extraction"
"42","Actinomycetaceae_Actinomyces_JQ467539.1.1448","uncultured bacterium","JQ467539.1.1448_actino_extraction"
"43","Actinomycetaceae_F0332_JQ452429.1.1387","uncultured bacterium","JQ452429.1.1387_actino_extraction"
"44","Actinomycetaceae_Actinomyces_JF159397.1.1389","uncultured bacterium","JF159397.1.1389_actino_extraction"
"45","Actinomycetaceae_Actinomyces_AJ249326.1.1437","Actinomyces coleocanis","AJ249326.1.1437_actino_extraction"
"46","Actinomycetaceae_Actinomyces_JF072638.1.1359","uncultured bacterium","JF072638.1.1359_actino_extraction"
"47","Actinomycetaceae_Trueperella_LT745898.1.1532","Trueperella sp. 3866/15","LT745898.1.1532_actino_extraction"
"48","Actinomycetaceae_Actinomyces_JQ453072.1.1419","uncultured bacterium","JQ453072.1.1419_actino_extraction"
"49","Actinomycetaceae_Actinomyces_JQ473712.1.1392","uncultured bacterium","JQ473712.1.1392_actino_extraction"
"50","Actinomycetaceae_Actinomyces_JQ477996.1.1420","uncultured bacterium","JQ477996.1.1420_actino_extraction"
"51","Actinomycetaceae_Actinomyces_JQ452616.1.1393","uncultured bacterium","JQ452616.1.1393_actino_extraction"
"52","Actinomycetaceae_Actinomyces_JQ453485.1.1418","uncultured bacterium","JQ453485.1.1418_actino_extraction"
"53","Actinomycetaceae_Trueperella_GQ134853.1.1380","uncultured bacterium","GQ134853.1.1380_actino_extraction"
"54","Actinomycetaceae_Actinomyces_JQ466973.1.1413","uncultured bacterium","JQ466973.1.1413_actino_extraction"
"55","Actinomycetaceae_Actinomyces_JQ455702.1.1427","uncultured bacterium","JQ455702.1.1427_actino_extraction"
"56","Actinomycetaceae_Actinomyces_JF111933.1.1363","uncultured bacterium","JF111933.1.1363_actino_extraction"
"57","Actinomycetaceae_Actinomyces_LN833867.1.1514","Actinomyces sp. MD1","LN833867.1.1514_actino_extraction"
"58","Actinomycetaceae_Actinomyces_JF223997.1.1388","uncultured bacterium","JF223997.1.1388_actino_extraction"
"59","Actinomycetaceae_Actinomyces_JX101979.1.1513","uncultured Actinomyces sp.","JX101979.1.1513_actino_extraction"
"60","Actinomycetaceae_Actinomyces_JQ467047.1.1402","uncultured bacterium","JQ467047.1.1402_actino_extraction"
"61","Actinomycetaceae_Mobiluncus_AJ576083.1.1406","Mobiluncus curtisii","AJ576083.1.1406_actino_extraction"
"62","Actinomycetaceae_Varibaculum_FNWI01000004.2125695.2127215","Varibaculum sp. Marseille-P2802","FNWI01000004.2125695.2127215_actino_extraction"
"63","Actinomycetaceae_Actinomyces_JF220817.1.1358","uncultured bacterium","JF220817.1.1358_actino_extraction"
"64","Actinomycetaceae_Arcanobacterium_AJ243793.1.1412","Arcanobacterium sp. CCUG 41704","AJ243793.1.1412_actino_extraction"
"65","Actinomycetaceae_Actinomyces_JF145951.1.1383","uncultured bacterium","JF145951.1.1383_actino_extraction"
"66","Actinomycetaceae_Actinomyces_JQ451604.1.1420","uncultured bacterium","JQ451604.1.1420_actino_extraction"
"67","Actinomycetales Incertae Sedis_Candidatus Ancillula_AB089076.1.1312","uncultured Actinobacteridae bacterium","AB089076.1.1312_actino_extraction"
"68","Actinomycetaceae_Actinomyces_JQ447486.1.1433","uncultured bacterium","JQ447486.1.1433_actino_extraction"
"69","Actinomycetaceae_F0332_JQ467121.1.1382","uncultured bacterium","JQ467121.1.1382_actino_extraction"
"70","Actinomycetaceae_Actinomyces_JQ475308.1.1451","uncultured bacterium","JQ475308.1.1451_actino_extraction"
"71","Actinomycetaceae_Actinomyces_CP012072.1336545.1338099","Actinomyces meyeri","CP012072.1336545.1338099_actino_extraction"
"72","Actinomycetaceae_Actinomyces_ALJK01000115.2844.4294","Actinomyces naeslundii str. Howell 279","ALJK01000115.2844.4294_actino_extraction"
"73","Actinomycetaceae_Actinomyces_JQ468487.1.1415","uncultured bacterium","JQ468487.1.1415_actino_extraction"
"74","Actinomycetaceae_Actinomyces_GU561322.1.1388","Actinomyces oris","GU561322.1.1388_actino_extraction"
"75","Actinomycetaceae_Actinomyces_FPKP01000004.252388.253908","Actinomyces urinae","FPKP01000004.252388.253908_actino_extraction"
"76","Actinomycetaceae_Actinomyces_KX881387.1.1398","Actinomyces sp. PTS3505","KX881387.1.1398_actino_extraction"
"77","Actinomycetaceae_Actinomyces_HQ740005.1.1459","uncultured organism","HQ740005.1.1459_actino_extraction"
"78","Actinomycetaceae_F0332_JF155540.1.1360","uncultured bacterium","JF155540.1.1360_actino_extraction"
"79","Actinomycetaceae_Actinomyces_JQ456249.1.1401","uncultured bacterium","JQ456249.1.1401_actino_extraction"
"80","Actinomycetaceae_Actinomyces_FJ557935.1.1397","uncultured bacterium","FJ557935.1.1397_actino_extraction"
"81","Actinomycetaceae_Actinomyces_KF098072.1.1377","uncultured bacterium","KF098072.1.1377_actino_extraction"
"82","Actinomycetaceae_Actinomyces_AM420034.1.1508","uncultured Actinomyces sp.","AM420034.1.1508_actino_extraction"
"83","Actinomycetaceae_Actinomyces_JQ212559.1.1374","uncultured bacterium","JQ212559.1.1374_actino_extraction"
"84","Actinomycetaceae_Actinomyces_KF030207.1.1497","Actinomyces canis","KF030207.1.1497_actino_extraction"
"85","Actinomycetaceae_Varibaculum_AJ510251.1.1477","Varibaculum sp. 45456","AJ510251.1.1477_actino_extraction"
"86","Actinomycetaceae_Arcanobacterium_FN562997.1.1254","Arcanobacterium phocae","FN562997.1.1254_actino_extraction"
"87","Actinomycetaceae_Actinomyces_JQ475915.1.1491","uncultured bacterium","JQ475915.1.1491_actino_extraction"
"88","Actinomycetaceae_Actinomyces_CP012590.1917683.1919248","Actinomyces sp. oral taxon 414","CP012590.1917683.1919248_actino_extraction"
"89","Actinomycetaceae_Actinomyces_JQ450746.1.1409","uncultured bacterium","JQ450746.1.1409_actino_extraction"
"90","Actinomycetaceae_Varibaculum_JF217088.1.1357","uncultured bacterium","JF217088.1.1357_actino_extraction"
"91","Actinomycetaceae_Actinomyces_JQ457885.1.1401","uncultured bacterium","JQ457885.1.1401_actino_extraction"
"92","Actinomycetaceae_Trueperella_CP012649.1683324.1684864","Trueperella pyogenes","CP012649.1683324.1684864_actino_extraction"
"93","Actinomycetales Incertae Sedis_Candidatus Ancillula_JQ993558.1.1444","Candidatus Ancillula trichonymphae","JQ993558.1.1444_actino_extraction"
"94","Actinomycetaceae_Actinomyces_JQ607791.1.1425","bacterium NLAE-zl-C90","JQ607791.1.1425_actino_extraction"
"95","Actinomycetaceae_Trueperella_GQ134880.1.1250","uncultured bacterium","GQ134880.1.1250_actino"
"96","Actinomycetaceae_Actinomyces_JQ451325.1.1433","uncultured bacterium","JQ451325.1.1433_actino_extraction"
"97","Actinomycetaceae_Actinomyces_LN680002.1.1429","Actinomyces succiniciruminis","LN680002.1.1429_actino_extraction"
"98","Actinomycetaceae_Actinomyces_JQ465005.1.1412","uncultured bacterium","JQ465005.1.1412_actino_extraction"
"99","Actinomycetaceae_Actinomyces_JQ470299.1.1404","uncultured bacterium","JQ470299.1.1404_actino_extraction"
"100","Actinomycetaceae_Actinomyces_JQ452089.1.1443","uncultured bacterium","JQ452089.1.1443_actino_extraction"
"101","Actinomycetaceae_Actinomyces_JQ453293.1.1416","uncultured bacterium","JQ453293.1.1416_actino_extraction"
"102","Actinomycetaceae_Actinomyces_EU289128.1.1462","uncultured Actinomyces sp.","EU289128.1.1462_actino_extraction"
"103","Actinomycetaceae_Actinomyces_JF186739.1.1356","uncultured bacterium","JF186739.1.1356_actino_extraction"
"104","Actinomycetaceae_Arcanobacterium_LT160960.1.1495","Arcanobacterium wilhelmae","LT160960.1.1495_actino_extraction"
"105","Actinomycetaceae_Actinomyces_JQ469511.1.1424","uncultured bacterium","JQ469511.1.1424_actino_extraction"
"106","Actinomycetaceae_Actinomyces_JRMU01000025.3763.5307","Actinomyces sp. S4-C9","JRMU01000025.3763.5307_actino_extraction"
"107","Actinomycetaceae_Actinomyces_JQ462532.1.1424","uncultured bacterium","JQ462532.1.1424_actino_extraction"
"108","Actinomycetaceae_Arcanobacterium_JRMX01000008.215.1745","Arcanobacterium sp. S3PF19","JRMX01000008.215.1745_actino_extraction"
"109","Actinomycetaceae_Actinomyces_KF098082.1.1306","uncultured bacterium","KF098082.1.1306_actino_extraction"
"110","Actinomycetaceae_Actinomyces_JF229798.1.1389","uncultured bacterium","JF229798.1.1389_actino_extraction"
"111","Actinomycetaceae_Varibaculum_FJ960385.1.1408","uncultured bacterium","FJ960385.1.1408_actino_extraction"
"112","Actinomycetaceae_Actinomyces_JF189139.1.1385","uncultured bacterium","JF189139.1.1385_actino_extraction"
"113","Actinomycetaceae_Actinomyces_JQ476729.1.1413","uncultured bacterium","JQ476729.1.1413_actino_extraction"
"114","Actinomycetaceae_Actinomyces_JQ451194.1.1438","uncultured bacterium","JQ451194.1.1438_actino_extraction"
"115","Actinomycetaceae_Actinomyces_AJ234065.1.1542","Actinomyces sp. S45/96/1","AJ234065.1.1542_actino_extraction"
"116","Actinomycetaceae_Actinomyces_JQ477600.1.1450","uncultured bacterium","JQ477600.1.1450_actino_extraction"
"117","Actinomycetaceae_Actinomyces_JF227799.1.1364","uncultured bacterium","JF227799.1.1364_actino_extraction"
"118","Actinomycetaceae_Actinomyces_KX826957.1.1407","Actinomycetaceae bacterium","KX826957.1.1407_actino_extraction"
"119","Actinomycetaceae_Arcanobacterium_AJ250959.90.1476","Arcanobacterium pluranimalium","AJ250959.90.1476_actino_extraction"
"120","Actinomycetaceae_Actinomyces_JQ456454.1.1421","uncultured bacterium","JQ456454.1.1421_actino_extraction"
"121","Actinomycetaceae_Actinomyces_JQ467182.1.1408","uncultured bacterium","JQ467182.1.1408_actino_extraction"
"122","Actinomycetaceae_Actinomyces_GU561314.1.1338","Actinomyces sp. TEJ12","GU561314.1.1338_actino_extraction"
"123","Actinomycetaceae_Actinomyces_JQ458421.1.1429","uncultured bacterium","JQ458421.1.1429_actino_extraction"
"124","Actinomycetales Incertae Sedis_Candidatus Ancillula_AB062830.1.1388","uncultured bacterium","AB062830.1.1388_actino_extraction"
"125","Actinomycetaceae_F0332_JQ452642.1.1395","uncultured bacterium","JQ452642.1.1395_actino_extraction"
"126","Actinomycetaceae_Actinomyces_KF102009.1.1359","uncultured bacterium","KF102009.1.1359_actino_extraction"
"127","Actinomycetaceae_Varibaculum_KC311740.1.1390","Varibaculum sp. S7-8-8","KC311740.1.1390_actino_extraction"
"128","Actinomycetaceae_Actinomyces_HM277693.1.1373","uncultured bacterium","HM277693.1.1373_actino_extraction"
"129","Actinomycetaceae_Actinomyces_JQ456161.1.1387","uncultured bacterium","JQ456161.1.1387_actino_extraction"
"130","Actinomycetaceae_Actinomyces_JF123379.1.1371","uncultured bacterium","JF123379.1.1371_actino_extraction"
"131","Actinomycetaceae_Actinomyces_JUPW01000188.142.1660","Isoptericola variabilis","JUPW01000188.142.1660_actino_extraction"
"132","Actinomycetaceae_Actinomyces_JQ473916.1.1409","uncultured bacterium","JQ473916.1.1409_actino_extraction"
"133","Actinomycetaceae_Actinomyces_GU227170.1.1472","uncultured Actinomyces sp.","GU227170.1.1472_actino_extraction"
"134","Actinomycetaceae_Actinomyces_JQ453324.1.1369","uncultured bacterium","JQ453324.1.1369_actino_extraction"
"135","Actinomycetaceae_Actinomyces_HK555348.1.1535","unidentified","HK555348.1.1535_actino_extraction"
"136","Actinomycetaceae_F0332_JQ452671.1.1399","uncultured bacterium","JQ452671.1.1399_actino_extraction"
"137","Actinomycetaceae_Actinomyces_JX548344.1.1521","uncultured Actinomyces sp.","JX548344.1.1521_actino_extraction"
"138","Actinomycetaceae_Actinomyces_JQ456193.1.1347","uncultured bacterium","JQ456193.1.1347_actino_extraction"
"139","Actinomycetaceae_Flaviflexus_EF419390.1.1440","uncultured Actinomycetaceae bacterium","EF419390.1.1440_actino_extraction"
"140","Actinomycetaceae_Arcanobacterium_HG423375.1.1350","Arcanobacterium pluranimalium","HG423375.1.1350_actino_extraction"
"141","Actinomycetaceae_Varibaculum_AM084231.1.1509","Varibaculum cambriense","AM084231.1.1509_actino_extraction"
"142","Actinomycetaceae_Actinomyces_JX548352.1.1518","uncultured Actinomyces sp.","JX548352.1.1518_actino_extraction"
"143","Actinomycetaceae_Mobiluncus_AEEE01000021.181.1708","Mobiluncus curtisii subsp. curtisii ATCC 35241","AEEE01000021.181.1708_actino_extraction"
"144","Actinomycetaceae_Actinomyces_JF141648.1.1390","uncultured bacterium","JF141648.1.1390_actino_extraction"
"145","Actinomycetaceae_Actinomyces_JQ451858.1.1439","uncultured bacterium","JQ451858.1.1439_actino_extraction"
"146","Actinomycetaceae_Actinomyces_JQ454235.1.1442","uncultured bacterium","JQ454235.1.1442_actino_extraction"
"147","Actinomycetaceae_Actinomyces_JF223833.1.1361","uncultured bacterium","JF223833.1.1361_actino_extraction"
"148","Actinomycetaceae_Actinomyces_JQ453528.1.1345","uncultured bacterium","JQ453528.1.1345_actino_extraction"
"149","Actinomycetaceae_Actinomyces_FTLI01000001.32.1562","Actinomyces provencensis","FTLI01000001.32.1562_actino_extraction"
"150","Actinomycetaceae_Actinomyces_JF162607.1.1389","uncultured bacterium","JF162607.1.1389_actino_extraction"
"151","Actinomycetaceae_Varibaculum_HM329013.1.1356","uncultured bacterium","HM329013.1.1356_actino_extraction"
"152","Actinomycetaceae_Actinomyces_HK555362.1.1354","unidentified","HK555362.1.1354_actino_extraction"
"153","Actinomycetaceae_Actinomyces_JQ456244.1.1344","uncultured bacterium","JQ456244.1.1344_actino_extraction"
"154","Actinomycetaceae_Actinomyces_X71861.1.1487","Actinomyces neuii subsp. neuii","X71861.1.1487_actino_extraction"
"155","Actinomycetaceae_Actinomyces_JN713546.1.1500","Actinomyces sp. canine oral taxon 374","JN713546.1.1500_actino_extraction"
"156","Actinomycetaceae_F0332_JQ473021.1.1432","uncultured bacterium","JQ473021.1.1432_actino_extraction"
"157","Actinomycetaceae_Actinomyces_JF084415.1.1381","uncultured bacterium","JF084415.1.1381_actino_extraction"
"158","Actinomycetaceae_Actinomyces_JQ452714.1.1417","uncultured bacterium","JQ452714.1.1417_actino_extraction"
"159","Actinomycetaceae_Flaviflexus_FJ674408.1.1388","uncultured bacterium","FJ674408.1.1388_actino_extraction"
"160","Actinomycetaceae_Trueperella_GQ134914.1.1389","uncultured bacterium","GQ134914.1.1389_actino_extraction"
"161","Actinomycetaceae_Actinomyces_JQ473933.1.1442","uncultured bacterium","JQ473933.1.1442_actino_extraction"
"162","Actinomycetaceae_Trueperella_GQ134889.1.1379","uncultured bacterium","GQ134889.1.1379_actino_extraction"
"163","Actinomycetaceae_Actinomyces_HM304220.1.1398","uncultured bacterium","HM304220.1.1398_actino_extraction"
"164","Actinomycetaceae_F0332_JQ452665.1.1385","uncultured bacterium","JQ452665.1.1385_actino_extraction"
"165","Actinomycetaceae_Actinomyces_JQ477537.1.1435","uncultured bacterium","JQ477537.1.1435_actino_extraction"
"166","Actinomycetaceae_Actinomyces_AJ293302.1.1471","Actinomyces hyovaginalis","AJ293302.1.1471_actino_extraction"
"167","Actinomycetaceae_Actinomyces_HK555367.1.1354","unidentified","HK555367.1.1354_actino_extraction"
"168","Actinomycetaceae_Actinomyces_HM251395.1.1374","uncultured bacterium","HM251395.1.1374_actino_extraction"
"169","Actinomycetaceae_Actinomyces_JQ475388.1.1410","uncultured bacterium","JQ475388.1.1410_actino_extraction"
"170","Actinomycetaceae_Trueperella_LGYI01000020.165.1700","Trueperella bernardiae","LGYI01000020.165.1700_actino_extraction"
"171","Actinomycetaceae_Actinomyces_KF068217.1.1381","uncultured bacterium","KF068217.1.1381_actino_extraction"
"172","Actinomycetaceae_Actinomyces_JQ453730.1.1422","uncultured bacterium","JQ453730.1.1422_actino_extraction"
"173","Actinomycetaceae_F0332_JQ452654.1.1436","uncultured bacterium","JQ452654.1.1436_actino_extraction"
"174","Actinomycetaceae_Actinomyces_JF121372.1.1371","uncultured bacterium","JF121372.1.1371_actino_extraction"
"175","Actinomycetales Incertae Sedis_Candidatus Ancillula_AB192290.1.1353","uncultured actinobacterium","AB192290.1.1353_actino_extraction"
"176","Actinomycetaceae_Actinomyces_AJ234067.1.1442","Actinomyces slackii","AJ234067.1.1442_actino_extraction"
"177","Actinomycetaceae_Actinomyces_EF509773.1.1490","uncultured bacterium","EF509773.1.1490_actino_extraction"
"178","Actinomycetaceae_F0332_JQ451753.1.1400","uncultured bacterium","JQ451753.1.1400_actino_extraction"
"179","Actinomycetaceae_Actinomyces_JQ451954.1.1424","uncultured bacterium","JQ451954.1.1424_actino_extraction"
"180","Actinomycetaceae_Actinomyces_JQ473839.1.1419","uncultured bacterium","JQ473839.1.1419_actino_extraction"
"181","Actinomycetaceae_Actinomyces_JQ462380.1.1430","uncultured bacterium","JQ462380.1.1430_actino_extraction"
"182","Actinomycetaceae_Actinomyces_GU940714.1.1403","uncultured bacterium","GU940714.1.1403_actino_extraction"
"183","Actinomycetaceae_Actinomyces_KM225739.1.1493","Actinomyces sp. A12","KM225739.1.1493_actino_extraction"
"184","Actinomycetaceae_Actinomyces_KC196072.1.1459","Actinomyces haliotis","KC196072.1.1459_actino_extraction"
"185","Actinomycetaceae_Actinomyces_LT671587.1.1466","Actinomyces sp. Marseille-P3561","LT671587.1.1466_actino_extraction"
"186","Actinomycetaceae_Actinomyces_JF222325.1.1356","uncultured bacterium","JF222325.1.1356_actino_extraction"
"187","Actinomycetales Incertae Sedis_Candidatus Ancillula_LC198352.1.1356","uncultured Micrococcales bacterium","LC198352.1.1356_actino_extraction"
"188","Actinomycetaceae_Actinomyces_AF543282.1.1523","Actinomyces naeslundii","AF543282.1.1523_actino_extraction"
"189","Actinomycetaceae_Flaviflexus_FJ671422.1.1387","uncultured bacterium","FJ671422.1.1387_actino_extraction"
"190","Actinomycetaceae_Actinomyces_JQ457929.1.1428","uncultured bacterium","JQ457929.1.1428_actino_extraction"
"191","Actinomycetaceae_Actinomyces_JQ468822.1.1431","uncultured bacterium","JQ468822.1.1431_actino_extraction"
"192","Actinomycetaceae_Actinomyces_JQ463960.1.1414","uncultured bacterium","JQ463960.1.1414_actino_extraction"
"193","Actinomycetaceae_Actinomyces_JQ461564.1.1413","uncultured bacterium","JQ461564.1.1413_actino_extraction"
"194","Actinomycetaceae_Arcanobacterium_JQ206093.1.1355","uncultured bacterium","JQ206093.1.1355_actino_extraction"
"195","Actinomycetaceae_Actinomyces_JQ467454.1.1416","uncultured bacterium","JQ467454.1.1416_actino_extraction"
"196","Actinomycetaceae_Actinomyces_HK555374.10.1528","unidentified","HK555374.10.1528_actino_extraction"
"197","Actinomycetaceae_Actinomyces_KF104065.1.1357","uncultured bacterium","KF104065.1.1357_actino_extraction"
"198","Actinomycetaceae_Actinomyces_JF160006.1.1373","uncultured bacterium","JF160006.1.1373_actino_extraction"
"199","Actinomycetaceae_Actinomyces_JQ447706.1.1383","uncultured bacterium","JQ447706.1.1383_actino_extraction"
"200","Actinomycetaceae_Actinomyces_JQ607806.1.1415","bacterium NLAE-zl-C92","JQ607806.1.1415_actino_extraction"
"201","Actinomycetaceae_Actinomyces_JQ452723.1.1430","uncultured bacterium","JQ452723.1.1430_actino_extraction"
"202","Actinomycetaceae_Actinomyces_KF102016.1.1361","uncultured bacterium","KF102016.1.1361_actino_extraction"
"203","Actinomycetaceae_Actinomyces_JQ455580.1.1434","uncultured bacterium","JQ455580.1.1434_actino_extraction"
"204","Actinomycetaceae_Trueperella_GQ135329.1.1386","uncultured bacterium","GQ135329.1.1386_actino_extraction"
"205","Actinomycetaceae_Arcanobacterium_KJ596349.1.1348","Arcanobacterium pinnipediorum","KJ596349.1.1348_actino_extraction"
"206","Actinomycetaceae_Actinomyces_JQ464619.1.1416","uncultured bacterium","JQ464619.1.1416_actino_extraction"
"207","Actinomycetaceae_Trueperella_GQ138880.1.1385","uncultured bacterium","GQ138880.1.1385_actino_extraction"
"208","Actinomycetaceae_Trueperella_KT191137.1.1457","Trueperella pyogenes","KT191137.1.1457_actino_extraction"
"209","Actinomycetaceae_Varibaculum_FJ959901.1.1404","uncultured bacterium","FJ959901.1.1404_actino_extraction"
"210","Actinomycetaceae_Actinomyces_JQ475624.1.1426","uncultured bacterium","JQ475624.1.1426_actino_extraction"
"211","Actinomycetaceae_Actinomyces_AB545935.1.1517","Actinomyces oris","AB545935.1.1517_actino_extraction"
"212","Actinomycetaceae_Actinomyces_HK555365.1.1350","unidentified","HK555365.1.1350_actino_extraction"
"213","Actinomycetales Incertae Sedis_Candidatus Ancillula_AB089081.1.1318","uncultured Actinobacteridae bacterium","AB089081.1.1318_actino_extraction"
"214","Actinomycetaceae_Actinomyces_FN552454.1.1379","Actinomyces weissii","FN552454.1.1379_actino_extraction"
"215","Actinomycetaceae_Actinomyces_JQ469272.1.1404","uncultured bacterium","JQ469272.1.1404_actino_extraction"
"216","Actinomycetaceae_Actinomyces_JQ452076.1.1440","uncultured bacterium","JQ452076.1.1440_actino_extraction"
"217","Actinomycetaceae_Actinomyces_JQ466915.1.1414","uncultured bacterium","JQ466915.1.1414_actino_extraction"
"218","Actinomycetaceae_Actinomyces_GU561310.1.1446","Actinomyces naeslundii","GU561310.1.1446_actino_extraction"
"219","Actinomycetaceae_Actinomyces_JQ476910.1.1429","uncultured bacterium","JQ476910.1.1429_actino_extraction"
"220","Actinomycetaceae_Actinomyces_JQ464896.1.1476","uncultured bacterium","JQ464896.1.1476_actino_extraction"
"221","Actinomycetaceae_Actinomyces_JQ476758.1.1425","uncultured bacterium","JQ476758.1.1425_actino_extraction"
"222","Actinomycetaceae_Actinomyces_JQ455535.1.1414","uncultured bacterium","JQ455535.1.1414_actino_extraction"
"223","Actinomycetaceae_Actinomyces_JQ476776.1.1420","uncultured bacterium","JQ476776.1.1420_actino_extraction"
"224","Actinomycetaceae_Actinomyces_JF120668.1.1370","uncultured bacterium","JF120668.1.1370_actino_extraction"
"225","Actinomycetaceae_Actinomyces_FJ557818.1.1401","uncultured bacterium","FJ557818.1.1401_actino_extraction"
"226","Actinomycetaceae_Actinomyces_JQ465152.1.1418","uncultured bacterium","JQ465152.1.1418_actino_extraction"
"227","Actinomycetaceae_Actinomyces_AWSE01000038.3664.5213","Actinomyces johnsonii F0542","AWSE01000038.3664.5213_actino_extraction"
"228","Actinomycetaceae_Actinomyces_AJ635359.1.1533","Actinomyces naeslundii","AJ635359.1.1533_actino_extraction"
"229","Actinomycetaceae_Actinomyces_JQ454662.1.1459","uncultured bacterium","JQ454662.1.1459_actino_extraction"
"230","Actinomycetaceae_Actinomyces_KJ808211.1.1506","uncultured bacterium","KJ808211.1.1506_actino_extraction"
"231","Actinomycetaceae_Actinomyces_JQ460237.1.1233","uncultured bacterium","JQ460237.1.1233_actino_extraction"
"232","Actinomycetaceae_Actinomyces_GU561323.1.1376","Actinomyces oris","GU561323.1.1376_actino_extraction"
"233","Actinomycetaceae_F0332_JQ466657.1.1404","uncultured bacterium","JQ466657.1.1404_actino_extraction"
"234","Actinomycetaceae_uncultured_LN613086.1.1496","uncultured rumen bacterium","LN613086.1.1496_actino_extraction"
"235","Actinomycetaceae_Actinomyces_JQ467972.1.1395","uncultured bacterium","JQ467972.1.1395_actino_extraction"
"236","Actinomycetaceae_Actinomyces_JF155580.1.1381","uncultured bacterium","JF155580.1.1381_actino_extraction"
"237","Actinomycetales Incertae Sedis_Candidatus Ancillula_AF068463.1.1426","uncultured Treponema clone RFS10","AF068463.1.1426_actino_extraction"
"238","Actinomycetaceae_Actinomyces_JQ475791.1.1425","uncultured bacterium","JQ475791.1.1425_actino_extraction"
"239","Actinomycetaceae_Actinomyces_KF933792.1.1512","Actinomyces sp. ChDC B642","KF933792.1.1512_actino_extraction"
"240","Actinomycetaceae_Actinomyces_KF102562.1.1375","uncultured bacterium","KF102562.1.1375_actino_extraction"
"241","Actinomycetaceae_Actinomyces_HK555352.1.1274","unidentified","HK555352.1.1274_actino_extraction"
"242","Actinomycetaceae_Actinomyces_LT576385.1.1466","Actinomyces sp. Marseille-P2825","LT576385.1.1466_actino_extraction"
"243","Actinomycetaceae_Actinomyces_JQ455221.1.1432","uncultured bacterium","JQ455221.1.1432_actino_extraction"
"244","Actinomycetaceae_Actinomyces_JQ465321.1.1403","uncultured bacterium","JQ465321.1.1403_actino_extraction"
"245","Actinomycetaceae_Trueperella_JN578138.1.1466","Trueperella pyogenes","JN578138.1.1466_actino_extraction"
"246","Actinomycetaceae_Actinomyces_CZPX01000003.256148.257678","Actinomyces ihumii","CZPX01000003.256148.257678_actino_extraction"
"247","Actinomycetaceae_Actinomyces_JF119535.1.1370","uncultured bacterium","JF119535.1.1370_actino_extraction"
"248","Actinomycetaceae_Actinomyces_JF186827.1.1381","uncultured bacterium","JF186827.1.1381_actino_extraction"
"249","Actinomycetaceae_F0332_JQ455430.1.1397","uncultured bacterium","JQ455430.1.1397_actino_extraction"
"250","Actinomycetaceae_Actinomyces_JQ455648.1.1415","uncultured bacterium","JQ455648.1.1415_actino_extraction"
"251","Actinomycetaceae_Actinomyces_FJ557764.1.1399","uncultured bacterium","FJ557764.1.1399_actino_extraction"
"252","Actinomycetaceae_Actinomyces_JQ456006.1.1426","uncultured bacterium","JQ456006.1.1426_actino_extraction"
"253","Actinomycetaceae_Actinomyces_JQ451992.1.1447","uncultured bacterium","JQ451992.1.1447_actino_extraction"
"254","Actinomycetaceae_Actinomyces_KF084610.1.1355","uncultured bacterium","KF084610.1.1355_actino_extraction"
"255","Actinomycetaceae_Actinomyces_JQ475482.1.1425","uncultured bacterium","JQ475482.1.1425_actino_extraction"
"256","Actinomycetaceae_Actinomyces_JQ204964.1.1359","uncultured bacterium","JQ204964.1.1359_actino_extraction"
"257","Actinomycetaceae_Actinomyces_KF030212.1.1494","Actinomyces sp. canine oral taxon 417","KF030212.1.1494_actino_extraction"
"258","Actinomycetaceae_Actinomyces_JQ473890.1.1402","uncultured bacterium","JQ473890.1.1402_actino_extraction"
"259","Actinomycetaceae_Actinomyces_JQ456177.1.1389","uncultured bacterium","JQ456177.1.1389_actino_extraction"
"260","Actinomycetaceae_Actinomyces_AKGF01000038.28.1549","Actinomyces timonensis DSM 23838","AKGF01000038.28.1549_actino_extraction"
"261","Actinomycetaceae_Actinomyces_GQ017278.1.1375","uncultured bacterium","GQ017278.1.1375_actino_extraction"
"262","Actinomycetaceae_Actinomyces_JQ452820.1.1399","uncultured bacterium","JQ452820.1.1399_actino_extraction"
"263","Actinomycetaceae_Actinomyces_JQ447480.1.1440","uncultured bacterium","JQ447480.1.1440_actino_extraction"
"264","Actinomycetaceae_Actinomyces_JF189313.1.1380","uncultured bacterium","JF189313.1.1380_actino_extraction"
"265","Actinomycetaceae_Actinomyces_X80411.1.1415","Actinomyces howellii","X80411.1.1415_actino_extraction"
"266","Actinomycetaceae_Actinomyces_JQ464501.1.1424","uncultured bacterium","JQ464501.1.1424_actino_extraction"
"267","Actinomycetaceae_Actinomyces_JF118529.1.1360","uncultured bacterium","JF118529.1.1360_actino_extraction"
"268","Actinomycetaceae_Actinomyces_JQ473192.1.1474","uncultured bacterium","JQ473192.1.1474_actino_extraction"
"269","Actinomycetaceae_Varibaculum_FJ959767.1.1403","uncultured bacterium","FJ959767.1.1403_actino_extraction"
"270","Actinomycetaceae_Actinomyces_JQ456143.1.1301","uncultured bacterium","JQ456143.1.1301_actino_extraction"
"271","Actinomycetaceae_Actinomyces_JF120740.1.1372","uncultured bacterium","JF120740.1.1372_actino_extraction"
"272","Actinomycetaceae_Actinomyces_JF240600.1.1368","uncultured bacterium","JF240600.1.1368_actino_extraction"
"273","Actinomycetaceae_Actinomyces_FJ470591.1.1499","uncultured bacterium","FJ470591.1.1499_actino_extraction"
"274","Actinomycetaceae_Actinomyces_JQ455332.1.1389","uncultured bacterium","JQ455332.1.1389_actino_extraction"
"275","Actinomycetaceae_Actinomyces_JQ455639.1.1420","uncultured bacterium","JQ455639.1.1420_actino_extraction"
"276","Actinomycetaceae_F0332_AWSB01000075.3485.5011","Actinobaculum sp. oral taxon 183 str. F0552","AWSB01000075.3485.5011_actino_extraction"
"277","Actinomycetaceae_Actinomyces_JQ473538.1.1422","uncultured bacterium","JQ473538.1.1422_actino_extraction"
"278","Actinomycetaceae_Actinomyces_JQ455721.1.1426","uncultured bacterium","JQ455721.1.1426_actino_extraction"
"279","Actinomycetaceae_Varibaculum_JF133812.1.1358","uncultured bacterium","JF133812.1.1358_actino_extraction"
"280","Actinomycetaceae_Actinomyces_JF125489.1.1369","uncultured bacterium","JF125489.1.1369_actino_extraction"
"281","Actinomycetaceae_Varibaculum_GQ076809.1.1358","uncultured bacterium","GQ076809.1.1358_actino_extraction"
"282","Actinomycetaceae_Actinomyces_JX226755.1.1520","uncultured bacterium","JX226755.1.1520_actino_extraction"
"283","Actinomycetaceae_F0332_HK555331.1.1313","unidentified","HK555331.1.1313_actino_extraction"
"284","Actinomycetaceae_Actinomyces_JQ473295.1.1412","uncultured bacterium","JQ473295.1.1412_actino_extraction"
"285","Actinomycetaceae_Actinomyces_JQ476886.1.1406","uncultured bacterium","JQ476886.1.1406_actino_extraction"
"286","Actinomycetaceae_Actinomyces_JQ455667.1.1412","uncultured bacterium","JQ455667.1.1412_actino_extraction"
"287","Actinomycetaceae_Actinomyces_KF099540.1.1354","uncultured bacterium","KF099540.1.1354_actino_extraction"
"288","Actinomycetaceae_Actinomyces_JQ452759.1.1395","uncultured bacterium","JQ452759.1.1395_actino_extraction"
"289","Actinomycetaceae_Actinomyces_JQ452102.1.1426","uncultured bacterium","JQ452102.1.1426_actino_extraction"
"290","Actinomycetaceae_Actinomyces_JQ452597.1.1412","uncultured bacterium","JQ452597.1.1412_actino_extraction"
"291","Actinomycetaceae_uncultured_CU925140.1.1361","uncultured bacterium","CU925140.1.1361_actino_extraction"
"292","Actinomycetaceae_Actinomyces_HQ717202.1.1311","Actinomyces sp. C1I34","HQ717202.1.1311_actino_extraction"
"293","Actinomycetaceae_Actinomyces_CAGY01000009.11.1531","Actinomyces sp. ph3","CAGY01000009.11.1531_actino_extraction"
"294","Actinomycetaceae_Actinomyces_JQ452010.1.1454","uncultured bacterium","JQ452010.1.1454_actino_extraction"
"295","Actinomycetaceae_Actinomyces_JQ453328.1.1426","uncultured bacterium","JQ453328.1.1426_actino_extraction"
"296","Actinomycetaceae_Actinomyces_AB849123.1.1512","Actinomyces israelii","AB849123.1.1512_actino_extraction"
"297","Actinomycetaceae_Actinomyces_JQ450627.1.1439","uncultured bacterium","JQ450627.1.1439_actino_extraction"
"298","Actinomycetaceae_Arcanobacterium_DI162852.1.1489","unidentified","DI162852.1.1489_actino_extraction"
"299","Actinomycetaceae_Actinomyces_JF121419.1.1358","uncultured bacterium","JF121419.1.1358_actino_extraction"
"300","Actinomycetaceae_Actinomyces_JQ476998.1.1425","uncultured bacterium","JQ476998.1.1425_actino_extraction"
"301","Actinomycetaceae_Actinomyces_JQ454157.1.1410","uncultured bacterium","JQ454157.1.1410_actino_extraction"
"302","Actinomycetaceae_Actinomyces_JQ454145.1.1418","uncultured bacterium","JQ454145.1.1418_actino_extraction"
"303","Actinomycetaceae_Actinomyces_JF097002.1.1358","uncultured bacterium","JF097002.1.1358_actino_extraction"
"304","Actinomycetaceae_F0332_JQ476777.1.1399","uncultured bacterium","JQ476777.1.1399_actino_extraction"
"305","Actinomycetaceae_Actinomyces_JQ455434.1.1437","uncultured bacterium","JQ455434.1.1437_actino_extraction"
"306","Actinomycetaceae_Actinomyces_AY008316.1.1540","Actinomyces sp. oral clone EP053","AY008316.1.1540_actino_extraction"
"307","Actinomycetaceae_Actinomyces_JQ447495.1.1412","uncultured bacterium","JQ447495.1.1412_actino_extraction"
"308","Actinomycetaceae_Actinomyces_GQ101799.1.1385","uncultured bacterium","GQ101799.1.1385_actino_extraction"
"309","Actinomycetaceae_Actinomyces_JQ476509.1.1418","uncultured bacterium","JQ476509.1.1418_actino_extraction"
"310","Actinomycetaceae_Actinomyces_JQ465211.1.1440","uncultured bacterium","JQ465211.1.1440_actino_extraction"
"311","Actinomycetaceae_Actinomyces_HQ717195.1.1319","Actinomyces sp. C1I23","HQ717195.1.1319_actino_extraction"
"312","Actinomycetaceae_Actinomyces_JQ456329.1.1360","uncultured bacterium","JQ456329.1.1360_actino_extraction"
"313","Actinomycetaceae_Actinomyces_MSGO01000017.20438.22109","Actinomyces oris","MSGO01000017.20438.22109_actino_extraction"
"314","Actinomycetaceae_Actinomyces_GU227169.1.1472","uncultured Actinomyces sp.","GU227169.1.1472_actino_extraction"
"315","Actinomycetaceae_Actinomyces_JF202953.1.1372","uncultured bacterium","JF202953.1.1372_actino_extraction"
"316","Actinomycetaceae_Actinomyces_KF103255.1.1373","uncultured bacterium","KF103255.1.1373_actino_extraction"
"317","Actinomycetaceae_Trueperella_AJ879697.1.1445","Trueperella bonasi","AJ879697.1.1445_actino_extraction"
"318","Actinomycetaceae_Actinomyces_CVNZ01002660.38.1563","Chlamydia trachomatis","CVNZ01002660.38.1563_actino_extraction"
"319","Actinomycetaceae_Actinomyces_JQ477882.1.1414","uncultured bacterium","JQ477882.1.1414_actino_extraction"
"320","Actinomycetaceae_Actinomyces_LC037217.1.1502","Actinomyces viscosus","LC037217.1.1502_actino_extraction"
"321","Actinomycetaceae_F0332_JQ465888.1.1397","uncultured bacterium","JQ465888.1.1397_actino_extraction"
"322","Actinomycetaceae_Actinomyces_GQ057588.1.1367","uncultured bacterium","GQ057588.1.1367_actino_extraction"
"323","Actinomycetaceae_Actinomyces_JQ473815.1.1333","uncultured bacterium","JQ473815.1.1333_actino_extraction"
"324","Actinomycetaceae_Actinomyces_JQ463595.1.1437","uncultured bacterium","JQ463595.1.1437_actino_extraction"
"325","Actinomycetaceae_Actinomyces_JF118812.1.1355","uncultured bacterium","JF118812.1.1355_actino_extraction"
"326","Actinomycetaceae_Actinomyces_JF116791.1.1362","uncultured bacterium","JF116791.1.1362_actino_extraction"
"327","Actinomycetaceae_Actinomyces_JQ465072.1.1427","uncultured bacterium","JQ465072.1.1427_actino_extraction"
"328","Actinomycetaceae_Flaviflexus_FJ670896.1.1396","uncultured bacterium","FJ670896.1.1396_actino_extraction"
"329","Actinomycetaceae_Actinomyces_JQ464443.1.1465","uncultured bacterium","JQ464443.1.1465_actino_extraction"
"330","Actinomycetaceae_Actinomyces_MQVS01000024.165.1719","Actinomyces hordeovulneris","MQVS01000024.165.1719_actino_extraction"
"331","Actinomycetaceae_F0332_JQ452487.1.1287","uncultured bacterium","JQ452487.1.1287_actino"
"332","Actinomycetaceae_Actinomyces_GQ099503.1.1365","uncultured bacterium","GQ099503.1.1365_actino_extraction"
"333","Actinomycetaceae_Actinomyces_JQ475301.1.1298","uncultured bacterium","JQ475301.1.1298_actino_extraction"
"334","Actinomycetaceae_Actinomyces_JQ473869.1.1419","uncultured bacterium","JQ473869.1.1419_actino_extraction"
"335","Actinomycetales Incertae Sedis_Candidatus Ancillula_AB089082.1.1301","uncultured Actinobacteridae bacterium","AB089082.1.1301_actino_extraction"
"336","Actinomycetaceae_Actinomyces_GFIX01010198.2.1520","Gadus morhua (Atlantic cod)","GFIX01010198.2.1520_actino_extraction"
"337","Actinomycetaceae_Actinomyces_JF067020.1.1374","uncultured bacterium","JF067020.1.1374_actino_extraction"
"338","Actinomycetaceae_Actinomyces_GU227175.1.1462","uncultured Actinomyces sp.","GU227175.1.1462_actino_extraction"
"339","Actinomycetaceae_Actinomyces_JF136404.1.1389","uncultured bacterium","JF136404.1.1389_actino_extraction"
"340","Actinomycetaceae_Actinomyces_JQ456233.1.1424","uncultured bacterium","JQ456233.1.1424_actino_extraction"
"341","Actinomycetaceae_Actinomyces_JF102173.1.1372","uncultured bacterium","JF102173.1.1372_actino_extraction"
"342","Actinomycetaceae_Varibaculum_JF181298.1.1353","uncultured bacterium","JF181298.1.1353_actino_extraction"
"343","Actinomycetaceae_Actinomyces_FJ470514.1.1503","uncultured bacterium","FJ470514.1.1503_actino_extraction"
"344","Actinomycetaceae_Actinomyces_JQ451932.1.1414","uncultured bacterium","JQ451932.1.1414_actino_extraction"
"345","Actinomycetaceae_F0332_JQ466161.1.1394","uncultured bacterium","JQ466161.1.1394_actino_extraction"
"346","Actinomycetales Incertae Sedis_Candidatus Ancillula_KP690901.1.1491","uncultured bacterium","KP690901.1.1491_actino_extraction"
"347","Actinomycetaceae_Actinomyces_JQ455501.1.1408","uncultured bacterium","JQ455501.1.1408_actino_extraction"
"348","Actinomycetaceae_Actinomyces_JQ473861.1.1416","uncultured bacterium","JQ473861.1.1416_actino_extraction"
"349","Actinomycetaceae_Actinomyces_DQ071541.1.1500","uncultured bacterium","DQ071541.1.1500_actino_extraction"
"350","Actinomycetaceae_Actinomyces_X80504.1.1394","Actinomyces odontolyticus","X80504.1.1394_actino_extraction"
"351","Actinomycetaceae_Actinomyces_KX881403.1.1402","Actinomyces sp. PMA3407","KX881403.1.1402_actino_extraction"
"352","Actinomycetaceae_Actinomyces_KF066692.1.1379","uncultured bacterium","KF066692.1.1379_actino_extraction"
"353","Actinomycetaceae_Varibaculum_DQ798020.1.1303","uncultured bacterium","DQ798020.1.1303_actino_extraction"
"354","Actinomycetales Incertae Sedis_Candidatus Ancillula_KP690803.1.1281","uncultured bacterium","KP690803.1.1281_actino_extraction"
"355","Actinomycetaceae_Actinomyces_JQ470781.1.1399","uncultured bacterium","JQ470781.1.1399_actino_extraction"
"356","Actinomycetaceae_Actinomyces_JQ475477.1.1409","uncultured bacterium","JQ475477.1.1409_actino_extraction"
"357","Actinomycetaceae_Flaviflexus_HQ183917.1.1495","uncultured Actinomycetaceae bacterium","HQ183917.1.1495_actino_extraction"
"358","Actinomycetaceae_F0332_JQ463243.1.1398","uncultured bacterium","JQ463243.1.1398_actino_extraction"
"359","Actinomycetaceae_Actinomyces_AM697157.1.1508","uncultured bacterium","AM697157.1.1508_actino_extraction"
"360","Actinomycetaceae_F0332_JQ457946.1.1390","uncultured bacterium","JQ457946.1.1390_actino_extraction"
"361","Actinomycetaceae_F0332_JQ452516.1.1396","uncultured bacterium","JQ452516.1.1396_actino_extraction"
"362","Actinomycetaceae_Actinomyces_JQ461210.1.1422","uncultured bacterium","JQ461210.1.1422_actino_extraction"
"363","Actinomycetaceae_F0332_JQ452685.1.1403","uncultured bacterium","JQ452685.1.1403_actino_extraction"
"364","Actinomycetaceae_Actinomyces_JF137109.1.1385","uncultured bacterium","JF137109.1.1385_actino_extraction"
"365","Actinomycetaceae_Actinomyces_FJ823149.1.1453","Actinomyces naeslundii","FJ823149.1.1453_actino_extraction"
"366","Actinomycetaceae_Actinomyces_JQ476806.1.1436","uncultured bacterium","JQ476806.1.1436_actino_extraction"
"367","Actinomycetaceae_Actinomyces_JQ464858.1.1423","uncultured bacterium","JQ464858.1.1423_actino_extraction"
"368","Actinomycetaceae_Actinomyces_JF153122.1.1391","uncultured bacterium","JF153122.1.1391_actino_extraction"
"369","Actinomycetaceae_Actinomyces_GU227166.1.1471","uncultured Actinomyces sp.","GU227166.1.1471_actino_extraction"
"370","Actinomycetaceae_Actinomyces_JF194069.1.1371","uncultured bacterium","JF194069.1.1371_actino_extraction"
"371","Actinomycetaceae_Actinomyces_JF803601.1.1386","Actinomyces odontolyticus","JF803601.1.1386_actino_extraction"
"372","Actinomycetaceae_Actinomyces_JF121119.1.1362","uncultured bacterium","JF121119.1.1362_actino_extraction"
"373","Actinomycetaceae_F0332_JQ452414.1.1387","uncultured bacterium","JQ452414.1.1387_actino_extraction"
"374","Actinomycetaceae_Actinomyces_JF240232.1.1360","uncultured bacterium","JF240232.1.1360_actino_extraction"
"375","Actinomycetaceae_Actinomyces_MSKS01000054.230.1797","Actinomyces oris","MSKS01000054.230.1797_actino_extraction"
"376","Actinomycetaceae_Actinomyces_KF084763.1.1362","uncultured bacterium","KF084763.1.1362_actino_extraction"
"377","Actinomycetaceae_Actinomyces_HK555359.1.1419","unidentified","HK555359.1.1419_actino_extraction"
"378","Actinomycetaceae_Actinomyces_KF933789.1.1508","Actinomyces israelii","KF933789.1.1508_actino_extraction"
"379","Actinomycetaceae_Actinotignum_AGWM01000009.146.1682","Actinotignum schaalii FB123-CNA-2","AGWM01000009.146.1682_actino_extraction"
"380","Actinomycetaceae_Actinomyces_FJ470503.1.1504","uncultured bacterium","FJ470503.1.1504_actino_extraction"
"381","Actinomycetaceae_Actinomyces_DQ196624.1.1501","Actinomycetaceae bacterium BL-96","DQ196624.1.1501_actino_extraction"
"382","Actinomycetaceae_Actinomyces_JQ607851.1.1422","bacterium NLAE-zl-C112","JQ607851.1.1422_actino_extraction"
"383","Actinomycetaceae_Varibaculum_JF217310.1.1359","uncultured bacterium","JF217310.1.1359_actino_extraction"
"384","Actinomycetaceae_Actinomyces_HK555343.1.1328","unidentified","HK555343.1.1328_actino_extraction"
"385","Actinomycetaceae_Actinomyces_JQ476985.1.1471","uncultured bacterium","JQ476985.1.1471_actino_extraction"
"386","Actinomycetaceae_F0332_HK555363.1.1520","unidentified","HK555363.1.1520_actino_extraction"
"387","Actinomycetaceae_Actinomyces_JQ453544.1.1441","uncultured bacterium","JQ453544.1.1441_actino_extraction"
"388","Actinomycetaceae_Actinomyces_JQ468583.1.1407","uncultured bacterium","JQ468583.1.1407_actino_extraction"
"389","Actinomycetaceae_Actinomyces_JQ452418.1.1314","uncultured bacterium","JQ452418.1.1314_actino_extraction"
"390","Actinomycetaceae_Flaviflexus_EU535629.1.1388","uncultured bacterium","EU535629.1.1388_actino_extraction"
"391","Actinomycetaceae_Actinomyces_JF161921.1.1354","uncultured bacterium","JF161921.1.1354_actino_extraction"
"392","Actinomycetaceae_Actinomyces_JF182495.1.1370","uncultured bacterium","JF182495.1.1370_actino_extraction"
"393","Actinomycetaceae_Varibaculum_KF099374.1.1357","uncultured bacterium","KF099374.1.1357_actino_extraction"
"394","Actinomycetaceae_Actinomyces_KF098131.1.1356","uncultured bacterium","KF098131.1.1356_actino_extraction"
"395","Actinomycetaceae_Actinobaculum_AGWL01000002.101889.103414","Actinobaculum massiliense ACS-171-V-Col2","AGWL01000002.101889.103414_actino_extraction"
"396","Actinomycetaceae_Trueperella_GQ133556.1.1342","uncultured bacterium","GQ133556.1.1342_actino_extraction"
"397","Actinomycetaceae_Actinomyces_JQ456644.1.1433","uncultured bacterium","JQ456644.1.1433_actino_extraction"
"398","Actinomycetaceae_Actinomyces_MSLA01000015.65300.66869","Actinomyces naeslundii","MSLA01000015.65300.66869_actino_extraction"
"399","Actinomycetaceae_Actinomyces_HK555335.1.1326","unidentified","HK555335.1.1326_actino_extraction"
"400","Actinomycetaceae_uncultured_KC179054.1.1500","uncultured bacterium","KC179054.1.1500_actino_extraction"
"401","Actinomycetaceae_Actinomyces_GU227168.1.1467","uncultured Actinomyces sp.","GU227168.1.1467_actino_extraction"
"402","Actinomycetaceae_Arcanobacterium_FPJH01000001.83.1598","Arcanobacterium urinimassiliense","FPJH01000001.83.1598_actino_extraction"
"403","Actinomycetaceae_Actinomyces_KX553980.1.1530","Actinomyces sp.","KX553980.1.1530_actino_extraction"
"404","Actinomycetaceae_Arcanobacterium_CP002045.1073249.1074767","Arcanobacterium haemolyticum DSM 20595","CP002045.1073249.1074767_actino_extraction"
"405","Actinomycetaceae_Actinomyces_JQ456368.1.1392","uncultured bacterium","JQ456368.1.1392_actino_extraction"
"406","Actinomycetaceae_Actinomyces_KF067404.1.1368","uncultured bacterium","KF067404.1.1368_actino_extraction"
"407","Actinomycetaceae_Actinomyces_JF090188.1.1364","uncultured bacterium","JF090188.1.1364_actino_extraction"
"408","Actinomycetaceae_Trueperella_AJ879696.1.1481","Trueperella bialowiezensis","AJ879696.1.1481_actino_extraction"
"409","Actinomycetaceae_Actinomyces_JX519133.1.1230","uncultured Actinomyces sp.","JX519133.1.1230_actino_extraction"
"410","Actinomycetaceae_Actinomyces_JQ455488.1.1428","uncultured bacterium","JQ455488.1.1428_actino_extraction"
"411","Actinomycetaceae_Actinomyces_JQ456813.1.1423","uncultured bacterium","JQ456813.1.1423_actino_extraction"
"412","Actinomycetaceae_Actinomyces_JQ477027.1.1419","uncultured bacterium","JQ477027.1.1419_actino_extraction"
"413","Actinomycetaceae_Actinomyces_HK555337.1.1289","unidentified","HK555337.1.1289_actino_extraction"
"414","Actinomycetaceae_Actinomyces_JF161287.1.1360","uncultured bacterium","JF161287.1.1360_actino_extraction"
"415","Actinomycetaceae_Actinomyces_AKIO01000026.275.1812","Actinomyces massiliensis 4401292","AKIO01000026.275.1812_actino_extraction"
"416","Actinomycetaceae_Arcanobacterium_AJ300767.1.1486","Arcanobacterium hippocoleae","AJ300767.1.1486_actino_extraction"
"417","Actinomycetaceae_Actinomyces_JF139884.1.1390","uncultured bacterium","JF139884.1.1390_actino_extraction"
"418","Actinomycetaceae_Actinomyces_AP017896.2596237.2597795","Actinomyces sp. Chiba101","AP017896.2596237.2597795_actino_extraction"
"419","Actinomycetaceae_Actinomyces_JQ450796.1.1429","uncultured bacterium","JQ450796.1.1429_actino_extraction"
"420","Actinomycetaceae_Actinomyces_KF098712.1.1361","uncultured bacterium","KF098712.1.1361_actino_extraction"
"421","Actinomycetaceae_Actinomyces_JQ455344.1.1319","uncultured bacterium","JQ455344.1.1319_actino_extraction"
"422","Actinomycetaceae_Actinomyces_JQ451731.1.1416","uncultured bacterium","JQ451731.1.1416_actino_extraction"
"423","Actinomycetaceae_Actinomyces_JQ456171.1.1410","uncultured bacterium","JQ456171.1.1410_actino_extraction"
"424","Actinomycetaceae_Actinomyces_JQ456359.1.1429","uncultured bacterium","JQ456359.1.1429_actino_extraction"
"425","Actinomycetaceae_Actinomyces_KF101070.1.1361","uncultured bacterium","KF101070.1.1361_actino_extraction"
"426","Actinomycetaceae_Actinomyces_HK555353.1.1320","unidentified","HK555353.1.1320_actino_extraction"
"427","Actinomycetaceae_Actinomyces_AF543297.1.1501","Actinomyces sp. ChDC OS47","AF543297.1.1501_actino_extraction"
"428","Actinomycetaceae_Actinomyces_JQ452612.1.1428","uncultured bacterium","JQ452612.1.1428_actino_extraction"
"429","Actinomycetaceae_Actinomyces_BDIO01000002.242.1752","Actinomyces denticolens","BDIO01000002.242.1752_actino_extraction"
"430","Actinomycetaceae_Actinomyces_DQ378170.1.1499","uncultured soil bacterium","DQ378170.1.1499_actino_extraction"
"431","Actinomycetaceae_Actinomyces_FJ470516.1.1527","uncultured bacterium","FJ470516.1.1527_actino_extraction"
"432","Actinomycetaceae_Actinomyces_AF433168.1.1425","Actinomyces hongkongensis","AF433168.1.1425_actino_extraction"
"433","Actinomycetaceae_Actinomyces_FM873256.1.1514","uncultured bacterium","FM873256.1.1514_actino_extraction"
"434","Actinomycetaceae_Actinomyces_JQ452131.1.1355","uncultured bacterium","JQ452131.1.1355_actino_extraction"
"435","Actinomycetaceae_Actinomyces_GQ421314.1.1446","Actinomyces oris","GQ421314.1.1446_actino_extraction"
"436","Actinomycetaceae_Actinomycetales bacterium vh41(2012)_KC113496.1.1348","Actinomycetales bacterium vh41(2012)","KC113496.1.1348_actino_extraction"
"437","Actinomycetaceae_Actinomyces_JQ451922.1.1426","uncultured bacterium","JQ451922.1.1426_actino_extraction"
"438","Actinomycetales Incertae Sedis_Candidatus Ancillula_AB089073.1.1300","uncultured Actinobacteridae bacterium","AB089073.1.1300_actino_extraction"
"439","Actinomycetaceae_Actinomyces_JF142233.1.1385","uncultured bacterium","JF142233.1.1385_actino_extraction"
"440","Actinomycetaceae_uncultured_FPLM01003001.1.1267","metagenome","FPLM01003001.1.1267_actino_extraction"
"441","Actinomycetaceae_Actinomyces_JF171931.1.1380","uncultured bacterium","JF171931.1.1380_actino_extraction"
"442","Actinomycetaceae_Actinomyces_JF162950.1.1359","uncultured bacterium","JF162950.1.1359_actino_extraction"
"443","Actinomycetaceae_Varibaculum_HM278922.1.1358","uncultured bacterium","HM278922.1.1358_actino_extraction"
"444","Actinomycetaceae_Trueperella_HM246725.1.1434","Trueperella pyogenes","HM246725.1.1434_actino_extraction"
"445","Actinomycetaceae_uncultured_FPLP01012541.15.1441","metagenome","FPLP01012541.15.1441_actino_extraction"
"446","Actinomycetaceae_Arcanobacterium_KJ874034.1.1307","uncultured bacterium","KJ874034.1.1307_actino_extraction"
"447","Actinomycetaceae_Actinomyces_AWSC01000005.3443.4969","Actinomyces graevenitzii F0530","AWSC01000005.3443.4969_actino_extraction"
"448","Actinomycetaceae_F0332_JF231504.1.1362","uncultured bacterium","JF231504.1.1362_actino_extraction"
"449","Actinomycetaceae_Trueperella_M29552.1.1361","Trueperella pyogenes","M29552.1.1361_actino_extraction"
"450","Actinomycetaceae_Actinomyces_JQ467099.1.1418","uncultured bacterium","JQ467099.1.1418_actino_extraction"
"451","Actinomycetaceae_Actinomyces_JF115999.1.1370","uncultured bacterium","JF115999.1.1370_actino_extraction"
"452","Actinomycetaceae_Actinomyces_JQ453746.1.1428","uncultured bacterium","JQ453746.1.1428_actino_extraction"
"453","Actinomycetaceae_Actinomyces_HK555366.1.1531","unidentified","HK555366.1.1531_actino_extraction"
"454","Actinomycetaceae_F0332_JQ452681.1.1262","uncultured bacterium","JQ452681.1.1262_actino_extraction"
"455","Actinomycetaceae_Actinomyces_JQ475813.1.1419","uncultured bacterium","JQ475813.1.1419_actino_extraction"
"456","Actinomycetaceae_Actinomyces_MSRH01000026.30547.32099","Actinomyces naeslundii","MSRH01000026.30547.32099_actino_extraction"
"457","Actinomycetaceae_Arcanobacterium_JQ205275.1.1352","uncultured bacterium","JQ205275.1.1352_actino_extraction"
"458","Actinomycetaceae_Actinomyces_KF084752.1.1387","uncultured bacterium","KF084752.1.1387_actino_extraction"
"459","Actinomycetaceae_Actinomyces_JQ455676.1.1424","uncultured bacterium","JQ455676.1.1424_actino_extraction"
"460","Actinomycetaceae_Actinomyces_JQ456360.1.1329","uncultured bacterium","JQ456360.1.1329_actino_extraction"
"461","Actinomycetaceae_Actinomyces_HQ811529.1.1477","uncultured organism","HQ811529.1.1477_actino_extraction"
"462","Actinomycetaceae_Actinomyces_LN561454.1.1376","uncultured bacterium","LN561454.1.1376_actino_extraction"
"463","Actinomycetaceae_Actinomyces_JQ467024.1.1344","uncultured bacterium","JQ467024.1.1344_actino_extraction"
"464","Actinomycetaceae_Actinomyces_HM308238.1.1358","uncultured bacterium","HM308238.1.1358_actino_extraction"
"465","Actinomycetaceae_Actinomyces_JN713246.1.1535","Actinomyces sp. canine oral taxon 083","JN713246.1.1535_actino_extraction"
"466","Actinomycetaceae_Actinomyces_KF088990.1.1390","uncultured bacterium","KF088990.1.1390_actino_extraction"
"467","Actinomycetaceae_Actinomyces_JQ450291.1.1417","uncultured bacterium","JQ450291.1.1417_actino_extraction"
"468","Actinomycetaceae_Actinomyces_JF117237.1.1374","uncultured bacterium","JF117237.1.1374_actino_extraction"
"469","Actinomycetaceae_Actinomyces_JQ451739.1.1406","uncultured bacterium","JQ451739.1.1406_actino_extraction"
"470","Actinomycetaceae_Actinomyces_AY563469.1.1564","uncultured bacterium","AY563469.1.1564_actino_extraction"
"471","Actinomycetaceae_Actinomyces_JF108364.1.1363","uncultured bacterium","JF108364.1.1363_actino_extraction"
"472","Actinomycetaceae_Actinomyces_JQ475421.1.1440","uncultured bacterium","JQ475421.1.1440_actino_extraction"
"473","Actinomycetaceae_Actinomyces_JQ467098.1.1407","uncultured bacterium","JQ467098.1.1407_actino_extraction"
"474","Actinomycetaceae_Actinomyces_JQ449027.1.1470","uncultured bacterium","JQ449027.1.1470_actino_extraction"
"475","Actinomycetaceae_Actinomyces_HM468010.1.1460","uncultured bacterium","HM468010.1.1460_actino_extraction"
"476","Actinomycetaceae_Actinomyces_JQ454274.1.1439","uncultured bacterium","JQ454274.1.1439_actino_extraction"
"477","Actinomycetaceae_Actinomyces_JQ455959.1.1440","uncultured bacterium","JQ455959.1.1440_actino_extraction"
"478","Actinomycetaceae_Actinomyces_JF125203.1.1369","uncultured bacterium","JF125203.1.1369_actino_extraction"
"479","Actinomycetaceae_Actinomyces_JWDO01000104.132127.133648","Kytococcus sedentarius","JWDO01000104.132127.133648_actino_extraction"
"480","Actinomycetaceae_Trueperella_GQ132491.1.1383","uncultured bacterium","GQ132491.1.1383_actino_extraction"
"481","Actinomycetaceae_Flaviflexus_JN815236.1.1497","Flaviflexus huanghaiensis","JN815236.1.1497_actino_extraction"
"482","Actinomycetaceae_Actinomyces_JQ476916.1.1419","uncultured bacterium","JQ476916.1.1419_actino_extraction"
"483","Actinomycetaceae_Actinomyces_JQ453330.1.1337","uncultured bacterium","JQ453330.1.1337_actino_extraction"
"484","Actinomycetaceae_Actinomyces_HM305709.1.1358","uncultured bacterium","HM305709.1.1358_actino_extraction"
"485","Actinomycetaceae_Actinomyces_JF010893.1.1380","uncultured bacterium","JF010893.1.1380_actino_extraction"
"486","Actinomycetaceae_Actinomyces_AJ243792.1.1430","Actinomyces cf. urogenitalis M560/98/1","AJ243792.1.1430_actino_extraction"
"487","Actinomycetaceae_Actinomyces_JF159577.1.1380","uncultured bacterium","JF159577.1.1380_actino_extraction"
"488","Actinomycetaceae_Actinomyces_JQ464855.1.1419","uncultured bacterium","JQ464855.1.1419_actino_extraction"
"489","Actinomycetaceae_Actinomyces_JF219657.1.1381","uncultured bacterium","JF219657.1.1381_actino_extraction"
"490","Actinomycetaceae_Actinomyces_JF152947.1.1388","uncultured bacterium","JF152947.1.1388_actino_extraction"
"491","Actinomycetaceae_Actinomyces_KF030197.1.1493","Actinomyces sp. canine oral taxon 404","KF030197.1.1493_actino_extraction"
"492","Actinomycetaceae_Actinomyces_JQ465382.1.1413","uncultured bacterium","JQ465382.1.1413_actino_extraction"
"493","Actinomycetaceae_Actinomyces_JQ461668.1.1428","uncultured bacterium","JQ461668.1.1428_actino_extraction"
"494","Actinomycetaceae_Actinomyces_KF066615.1.1342","uncultured bacterium","KF066615.1.1342_actino_extraction"
"495","Actinomycetaceae_Actinomyces_GU561319.1.1432","Actinomyces georgiae","GU561319.1.1432_actino_extraction"
"496","Actinomycetaceae_Actinomyces_FJ823139.1.1449","Actinomyces viscosus","FJ823139.1.1449_actino_extraction"
"497","Actinomycetaceae_Flaviflexus_FJ671451.1.1391","uncultured bacterium","FJ671451.1.1391_actino_extraction"
"498","Actinomycetaceae_Flaviflexus_FJ671584.1.1389","uncultured bacterium","FJ671584.1.1389_actino_extraction"
"499","Actinomycetaceae_Actinomyces_JF162927.1.1356","uncultured bacterium","JF162927.1.1356_actino_extraction"
"500","Actinomycetaceae_F0332_JQ452625.1.1344","uncultured bacterium","JQ452625.1.1344_actino_extraction"
"501","Actinomycetaceae_Actinomyces_JF187513.1.1389","uncultured bacterium","JF187513.1.1389_actino_extraction"
"502","Actinomycetaceae_Actinomyces_JQ450466.1.1417","uncultured bacterium","JQ450466.1.1417_actino_extraction"
"503","Actinomycetaceae_Varibaculum_FJ959947.1.1404","uncultured bacterium","FJ959947.1.1404_actino_extraction"
"504","Actinomycetaceae_Actinomyces_KF103262.1.1374","uncultured bacterium","KF103262.1.1374_actino_extraction"
"505","Actinomycetaceae_Actinomyces_CP014228.2224189.2225735","Actinomyces radicidentis","CP014228.2224189.2225735_actino_extraction"
"506","Actinomycetaceae_Actinomyces_JF116944.1.1370","uncultured bacterium","JF116944.1.1370_actino_extraction"
"507","Actinomycetaceae_Actinomyces_KF064507.1.1375","uncultured bacterium","KF064507.1.1375_actino_extraction"
"508","Actinomycetaceae_Flaviflexus_HM312917.1.1359","uncultured bacterium","HM312917.1.1359_actino_extraction"
"509","Actinomycetaceae_Actinomyces_CP020468.245167.246718","Actinomyces sp. pika_114","CP020468.245167.246718_actino_extraction"
"510","Actinomycetaceae_Actinomyces_JQ467146.1.1395","uncultured bacterium","JQ467146.1.1395_actino_extraction"
"511","Actinomycetaceae_Actinomyces_JF176455.1.1383","uncultured bacterium","JF176455.1.1383_actino_extraction"
"512","Actinomycetaceae_Actinomyces_JQ466117.1.1461","uncultured bacterium","JQ466117.1.1461_actino_extraction"
"513","Actinomycetaceae_Actinomyces_HQ850580.1.1385","Actinomyces sp. ZSY-1","HQ850580.1.1385_actino_extraction"
"514","Actinomycetaceae_Actinomyces_CCXH01000308.151.1682","Actinomyces polynesiensis","CCXH01000308.151.1682_actino_extraction"
"515","Actinomycetaceae_Actinomyces_LF133117.1.1534","Actinomyces sp. oral clone GU009","LF133117.1.1534_actino_extraction"
"516","Actinomycetaceae_Actinomyces_JQ455635.1.1212","uncultured bacterium","JQ455635.1.1212_actino_extraction"
"517","Actinomycetaceae_Actinomyces_MQVR01000109.2.1534","Actinomyces nasicola","MQVR01000109.2.1534_actino_extraction"
"518","Actinomycetales Incertae Sedis_Candidatus Ancillula_GQ502466.1.1362","uncultured actinobacterium","GQ502466.1.1362_actino_extraction"
"519","Actinomycetaceae_Actinomyces_GU561316.1.1417","Actinomyces odontolyticus","GU561316.1.1417_actino_extraction"
"520","Actinomycetales Incertae Sedis_Candidatus Ancillula_JF131578.1.1367","uncultured bacterium","JF131578.1.1367_actino_extraction"
"521","Actinomycetaceae_Actinomyces_JQ463625.1.1405","uncultured bacterium","JQ463625.1.1405_actino_extraction"
"522","Actinomycetaceae_Varibaculum_FQLW01000003.286.1804","Urmitella timonensis","FQLW01000003.286.1804_actino_extraction"
"523","Actinomycetaceae_F0332_JQ467403.1.1404","uncultured bacterium","JQ467403.1.1404_actino_extraction"
"524","Actinomycetaceae_Arcanobacterium_FR846134.1.1363","Arcanobacterium canis","FR846134.1.1363_actino_extraction"
"525","Actinomycetaceae_Actinomyces_MSKO01000009.54060.55628","Actinomyces oris","MSKO01000009.54060.55628_actino_extraction"
"526","Actinomycetaceae_Actinomyces_JQ468613.1.1413","uncultured bacterium","JQ468613.1.1413_actino_extraction"
"527","Actinomycetaceae_Varibaculum_JF122849.1.1357","uncultured bacterium","JF122849.1.1357_actino_extraction"
"528","Actinomycetaceae_Actinomyces_FJ369670.1.1365","uncultured bacterium","FJ369670.1.1365_actino_extraction"
"529","Actinomycetaceae_Actinomyces_JQ455536.1.1417","uncultured bacterium","JQ455536.1.1417_actino_extraction"
"530","Actinomycetaceae_Actinomyces_JQ467281.1.1438","uncultured bacterium","JQ467281.1.1438_actino_extraction"
"531","Actinomycetaceae_uncultured bacterium_HM008736.1.1360","uncultured bacterium","HM008736.1.1360_actino_extraction"
"532","Actinomycetaceae_F0332_JQ476964.1.1408","uncultured bacterium","JQ476964.1.1408_actino_extraction"
"533","Actinomycetaceae_Actinomycetaceae bacterium S4-S8_JX104051.1.1392","Actinomycetaceae bacterium S4-S8","JX104051.1.1392_actino_extraction"
"534","Actinomycetales Incertae Sedis_Candidatus Ancillula_KP690839.1.1351","uncultured bacterium","KP690839.1.1351_actino_extraction"
"535","Actinomycetaceae_Actinomyces_JQ452550.1.1429","uncultured bacterium","JQ452550.1.1429_actino_extraction"
"536","Actinomycetaceae_Actinomyces_JF161030.1.1391","uncultured bacterium","JF161030.1.1391_actino_extraction"
"537","Actinomycetaceae_Actinomyces_AY221601.1.1530","uncultured soil bacterium","AY221601.1.1530_actino_extraction"
"538","Actinomycetaceae_Trueperella_GQ132207.1.1377","uncultured bacterium","GQ132207.1.1377_actino_extraction"
"539","Actinomycetaceae_Actinomyces_JF110098.1.1385","uncultured bacterium","JF110098.1.1385_actino_extraction"
"540","Actinomycetaceae_Trueperella_GQ134438.1.1378","uncultured bacterium","GQ134438.1.1378_actino_extraction"
"541","Actinomycetaceae_Actinomyces_JQ459547.1.1405","uncultured bacterium","JQ459547.1.1405_actino_extraction"
"542","Actinomycetaceae_Actinomyces_JQ466130.1.1410","uncultured bacterium","JQ466130.1.1410_actino_extraction"
"543","Actinomycetaceae_Actinomyces_FQTT01000017.4074.5628","Actinomyces glycerinitolerans","FQTT01000017.4074.5628_actino_extraction"
"544","Actinomycetaceae_Actinomyces_HM257256.1.1356","uncultured bacterium","HM257256.1.1356_actino_extraction"
"545","Actinomycetaceae_Actinomyces_JQ460277.1.1424","uncultured bacterium","JQ460277.1.1424_actino_extraction"
"546","Actinomycetaceae_Actinomyces_JN713416.1.1498","Actinomyces sp. canine oral taxon 252","JN713416.1.1498_actino_extraction"
"547","Actinomycetaceae_Varibaculum_JF133241.1.1359","uncultured bacterium","JF133241.1.1359_actino_extraction"
"548","Actinomycetaceae_Actinomyces_JQ464694.1.1441","uncultured bacterium","JQ464694.1.1441_actino_extraction"
"549","Actinomycetaceae_Actinomyces_LZRK01000010.256.1769","Actinomyces sp. VUL7","LZRK01000010.256.1769_actino_extraction"
"550","Actinomycetaceae_Actinomyces_JF120394.1.1371","uncultured bacterium","JF120394.1.1371_actino_extraction"
"551","Actinomycetaceae_Arcanobacterium_EU289103.1.1438","uncultured Arcanobacterium sp.","EU289103.1.1438_actino_extraction"
"552","Actinomycetaceae_uncultured_FPLM01008032.1.1508","metagenome","FPLM01008032.1.1508_actino_extraction"
"553","Actinomycetaceae_Actinomyces_AJ404889.30.1395","Actinomyces funkei","AJ404889.30.1395_actino_extraction"
"554","Actinomycetaceae_Actinomyces_MQSU01000003.487957.489496","Actinomyces sp. VUL4_1","MQSU01000003.487957.489496_actino_extraction"
"555","Actinomycetaceae_Arcanobacterium_AJ234062.1.1351","Arcanobacterium sp.","AJ234062.1.1351_actino_extraction"
"556","Actinomycetaceae_Actinomyces_JQ455601.1.1428","uncultured bacterium","JQ455601.1.1428_actino_extraction"
"557","Actinomycetaceae_Actinomyces_JF228988.1.1358","uncultured bacterium","JF228988.1.1358_actino_extraction"
"558","Actinomycetaceae_Actinomyces_GQ421319.1.1458","Actinomyces oris","GQ421319.1.1458_actino_extraction"
"559","Actinomycetaceae_Actinomyces_CU927384.1.1355","uncultured bacterium","CU927384.1.1355_actino_extraction"
"560","Actinomycetaceae_Actinomyces_AB990539.1.1480","uncultured bacterium","AB990539.1.1480_actino_extraction"
"561","Actinomycetaceae_Actinomyces_FJ617539.1.1502","Actinomyces hominis","FJ617539.1.1502_actino_extraction"
"562","Actinomycetaceae_Actinomyces_JQ455189.1.1416","uncultured bacterium","JQ455189.1.1416_actino_extraction"
"563","Actinomycetaceae_Actinomyces_JQ456050.1.1420","uncultured bacterium","JQ456050.1.1420_actino_extraction"
"564","Actinomycetaceae_Actinomyces_FPLP01007780.16.1454","metagenome","FPLP01007780.16.1454_actino_extraction"
"565","Actinomycetaceae_Actinomyces_GQ388925.1.1497","uncultured bacterium","GQ388925.1.1497_actino_extraction"
"566","Actinomycetaceae_Actinomyces_AF385504.1.1539","Actinomyces sp. oral clone CT047","AF385504.1.1539_actino_extraction"
"567","Actinomycetaceae_Actinomyces_FPLM01000747.1.1439","metagenome","FPLM01000747.1.1439_actino_extraction"
"568","Actinomycetaceae_Actinomyces_JF190728.1.1357","uncultured bacterium","JF190728.1.1357_actino_extraction"
"569","Actinomycetaceae_Actinomyces_KF030210.1.1505","Actinomyces coleocanis","KF030210.1.1505_actino_extraction"
"570","Actinomycetaceae_F0332_JQ452567.1.1389","uncultured bacterium","JQ452567.1.1389_actino_extraction"
"571","Actinomycetaceae_Actinomyces_AJ276405.1.1416","Actinomyces marimammalium","AJ276405.1.1416_actino_extraction"
"572","Actinomycetaceae_Actinomyces_JQ477496.1.1425","uncultured bacterium","JQ477496.1.1425_actino_extraction"
"573","Actinomycetaceae_Actinomyces_JF191710.1.1358","uncultured bacterium","JF191710.1.1358_actino_extraction"
"574","Actinomycetaceae_F0332_JQ458088.1.1402","uncultured bacterium","JQ458088.1.1402_actino_extraction"
"575","Actinomycetaceae_Actinomyces_AY008315.1.1553","Actinomyces sp. oral clone EP011","AY008315.1.1553_actino_extraction"
"576","Actinomycetaceae_Actinomyces_JF225565.1.1362","uncultured bacterium","JF225565.1.1362_actino_extraction"
"577","Actinomycetaceae_Actinomyces_JQ467247.1.1401","uncultured bacterium","JQ467247.1.1401_actino_extraction"
"578","Actinomycetaceae_Actinomyces_HK555370.10.1536","unidentified","HK555370.10.1536_actino_extraction"
"579","Actinomycetaceae_Trueperella_KP872907.1.1434","Trueperella pyogenes","KP872907.1.1434_actino_extraction"
"580","Actinomycetaceae_Actinomyces_JQ455510.1.1422","uncultured bacterium","JQ455510.1.1422_actino_extraction"
"581","Actinomycetaceae_Actinotignum_FJ711179.1.1494","Actinotignum schaalii","FJ711179.1.1494_actino_extraction"
"582","Actinomycetaceae_Actinomyces_JF224042.1.1361","uncultured bacterium","JF224042.1.1361_actino_extraction"
"583","Actinomycetaceae_Actinomyces_JQ453406.1.1336","uncultured bacterium","JQ453406.1.1336_actino_extraction"
"584","Actinomycetaceae_Actinomyces_FJ975839.1.1345","uncultured Actinobacteridae bacterium","FJ975839.1.1345_actino_extraction"
"585","Actinomycetaceae_Actinomyces_JQ456065.1.1425","uncultured bacterium","JQ456065.1.1425_actino_extraction"
"586","Actinomycetaceae_Actinomyces_JQ456580.1.1396","uncultured bacterium","JQ456580.1.1396_actino_extraction"
"587","Actinomycetaceae_Actinomyces_AJ234050.1.1426","Actinomyces naeslundii","AJ234050.1.1426_actino_extraction"
"588","Actinomycetaceae_Actinomyces_JQ463641.1.1385","uncultured bacterium","JQ463641.1.1385_actino_extraction"
"589","Actinomycetaceae_Actinomyces_JF189589.1.1355","uncultured bacterium","JF189589.1.1355_actino_extraction"
"590","Actinomycetaceae_F0332_JQ475456.1.1382","uncultured bacterium","JQ475456.1.1382_actino_extraction"
"591","Actinomycetaceae_Varibaculum_HM297490.1.1363","uncultured bacterium","HM297490.1.1363_actino_extraction"
"592","Actinomycetaceae_Actinomyces_JF160007.1.1372","uncultured bacterium","JF160007.1.1372_actino_extraction"
"593","Actinomycetaceae_Actinomyces_HM308252.1.1356","uncultured bacterium","HM308252.1.1356_actino_extraction"
"594","Actinomycetales Incertae Sedis_Candidatus Ancillula_JQ617857.1.1347","uncultured Actinobacteridae bacterium","JQ617857.1.1347_actino_extraction"
"595","Actinomycetaceae_F0332_JF128502.1.1359","uncultured bacterium","JF128502.1.1359_actino_extraction"
"596","Actinomycetaceae_Actinomyces_JQ451979.1.1251","uncultured bacterium","JQ451979.1.1251_actino_extraction"
"597","Actinomycetaceae_Trueperella_AB305159.1.1519","Trueperella abortisuis","AB305159.1.1519_actino_extraction"
"598","Actinomycetaceae_Actinomyces_JQ453452.1.1415","uncultured bacterium","JQ453452.1.1415_actino_extraction"
"599","Actinomycetaceae_Actinomyces_KF100836.1.1364","uncultured bacterium","KF100836.1.1364_actino_extraction"
"600","Actinomycetaceae_F0332_JQ455597.1.1397","uncultured bacterium","JQ455597.1.1397_actino_extraction"
"601","Actinomycetaceae_Actinomyces_JX102015.1.1394","uncultured Actinomyces sp.","JX102015.1.1394_actino_extraction"
"602","Actinomycetaceae_Actinomyces_HK555346.1.1508","unidentified","HK555346.1.1508_actino_extraction"
"603","Actinomycetales Incertae Sedis_Candidatus Ancillula_LC198339.1.1356","uncultured Micrococcales bacterium","LC198339.1.1356_actino_extraction"
"604","Actinomycetaceae_Actinomyces_KF030208.1.1514","Actinomyces sp. canine oral taxon 412","KF030208.1.1514_actino_extraction"
"605","Actinomycetaceae_Actinomyces_GQ091831.1.1358","uncultured bacterium","GQ091831.1.1358_actino_extraction"
"606","Actinomycetaceae_F0332_GU227177.1.1456","uncultured Actinomyces sp.","GU227177.1.1456_actino_extraction"
"607","Actinomycetaceae_Actinomyces_JQ455439.1.1435","uncultured bacterium","JQ455439.1.1435_actino_extraction"
"608","Actinomycetaceae_Actinomyces_AF385505.1.1533","Actinomyces sp. oral clone CT068","AF385505.1.1533_actino_extraction"
"609","Actinomycetaceae_Actinomyces_JQ449806.1.1396","uncultured bacterium","JQ449806.1.1396_actino_extraction"
"610","Actinomycetaceae_Actinomyces_CHDS01000862.121.1502","Mycobacterium tuberculosis","CHDS01000862.121.1502_actino_extraction"
"611","Actinomycetaceae_Actinomyces_JQ475803.1.1410","uncultured bacterium","JQ475803.1.1410_actino_extraction"
"612","Actinomycetaceae_Actinomyces_AF385522.1.1499","Actinomyces sp. oral strain Hal-1083","AF385522.1.1499_actino_extraction"
"613","Actinomycetaceae_Actinomyces_JQ456141.1.1375","uncultured bacterium","JQ456141.1.1375_actino_extraction"
"614","Actinomycetaceae_Actinomyces_HM468000.1.1462","uncultured bacterium","HM468000.1.1462_actino_extraction"
"615","Actinomycetaceae_Actinomyces_HQ758211.1.1442","uncultured organism","HQ758211.1.1442_actino_extraction"
"616","Actinomycetaceae_Actinomyces_JQ466827.1.1419","uncultured bacterium","JQ466827.1.1419_actino_extraction"
"617","Actinomycetaceae_uncultured_LN613055.1.1493","uncultured rumen bacterium","LN613055.1.1493_actino_extraction"
"618","Actinomycetaceae_Mobiluncus_EU289072.1.1450","uncultured Mobiluncus sp.","EU289072.1.1450_actino_extraction"
"619","Actinomycetaceae_Actinomyces_JQ473886.1.1457","uncultured bacterium","JQ473886.1.1457_actino_extraction"
"620","Actinomycetaceae_Actinomyces_JQ466340.1.1384","uncultured bacterium","JQ466340.1.1384_actino_extraction"
"621","Actinomycetaceae_Actinomyces_JQ478402.1.1421","uncultured bacterium","JQ478402.1.1421_actino_extraction"
"622","Actinomycetaceae_Actinomyces_JQ462352.1.1350","uncultured bacterium","JQ462352.1.1350_actino_extraction"
"623","Actinomycetaceae_Actinomyces_JQ467055.1.1426","uncultured bacterium","JQ467055.1.1426_actino_extraction"
"624","Actinomycetaceae_Actinomyces_AUBN01000027.224.1776","Actinomyces gerencseriae DSM 6844","AUBN01000027.224.1776_actino_extraction"
"625","Actinomycetaceae_Actinomyces_JQ450595.1.1412","uncultured bacterium","JQ450595.1.1412_actino_extraction"
"626","Actinomycetaceae_Actinomyces_JQ462383.1.1438","uncultured bacterium","JQ462383.1.1438_actino_extraction"
"627","Actinomycetaceae_Actinomyces_AWSF01000016.149.1679","Actinomyces sp. oral taxon 172 str. F0311","AWSF01000016.149.1679_actino_extraction"
"628","Actinomycetaceae_Actinomyces_JQ458307.1.1426","uncultured bacterium","JQ458307.1.1426_actino_extraction"
"629","Actinomycetaceae_Actinomyces_JQ456155.1.1352","uncultured bacterium","JQ456155.1.1352_actino_extraction"
"630","Actinomycetaceae_Actinomyces_JF198817.1.1390","uncultured bacterium","JF198817.1.1390_actino_extraction"
"631","Actinomycetaceae_Varibaculum_HM303119.1.1357","uncultured bacterium","HM303119.1.1357_actino_extraction"
"632","Actinomycetaceae_Actinomyces_HK555336.1.1331","unidentified","HK555336.1.1331_actino_extraction"
"633","Actinomycetaceae_Actinomyces_ATUX01000002.144.1659","Actinomyces vaccimaxillae DSM 15804","ATUX01000002.144.1659_actino_extraction"
"634","Actinomycetaceae_Actinomyces_FJ976446.1.1392","uncultured Actinomyces sp.","FJ976446.1.1392_actino_extraction"
"635","Actinomycetaceae_F0332_JQ467563.1.1401","uncultured bacterium","JQ467563.1.1401_actino_extraction"
"636","Actinomycetaceae_Actinomyces_KR364730.1.1403","Actinomyces sp. ERD15F","KR364730.1.1403_actino_extraction"
"637","Actinomycetaceae_Actinomyces_FM872615.1.1508","uncultured bacterium","FM872615.1.1508_actino_extraction"
"638","Actinomycetaceae_Actinomyces_JF006958.1.1341","uncultured bacterium","JF006958.1.1341_actino_extraction"
"639","Actinomycetaceae_F0332_JQ456948.1.1401","uncultured bacterium","JQ456948.1.1401_actino_extraction"
"640","Actinomycetaceae_uncultured Actinomycetaceae bacterium_FJ542912.1.1471","uncultured Actinomycetaceae bacterium","FJ542912.1.1471_actino_extraction"
"641","Actinomycetaceae_Actinomyces_JQ476952.1.1409","uncultured bacterium","JQ476952.1.1409_actino_extraction"
"642","Actinomycetaceae_Actinomyces_JF232784.1.1359","uncultured bacterium","JF232784.1.1359_actino_extraction"
"643","Actinomycetaceae_Actinomyces_JQ452960.1.1417","uncultured bacterium","JQ452960.1.1417_actino_extraction"
"644","Actinomycetaceae_Actinomyces_HM295951.1.1390","uncultured bacterium","HM295951.1.1390_actino_extraction"
"645","Actinomycetaceae_Actinomyces_JQ451586.1.1429","uncultured bacterium","JQ451586.1.1429_actino_extraction"
"646","Actinomycetaceae_Actinomyces_AM084230.1.1510","Actinomyces europaeus","AM084230.1.1510_actino_extraction"
"647","Actinomycetaceae_Actinomyces_JQ467071.1.1425","uncultured bacterium","JQ467071.1.1425_actino_extraction"
"648","Actinomycetaceae_Actinomyces_JQ451999.1.1413","uncultured bacterium","JQ451999.1.1413_actino_extraction"
"649","Actinomycetaceae_Actinomyces_JQ472249.1.1423","uncultured bacterium","JQ472249.1.1423_actino_extraction"
"650","Actinomycetaceae_Actinomyces_JQ462152.1.1392","uncultured bacterium","JQ462152.1.1392_actino_extraction"
"651","Actinomycetaceae_Actinomyces_JQ465929.1.1444","uncultured bacterium","JQ465929.1.1444_actino_extraction"
"652","Actinomycetaceae_Actinotignum_ATUY01000023.52.1567","Actinotignum urinale DSM 15805","ATUY01000023.52.1567_actino_extraction"
"653","Actinomycetaceae_Actinomyces_JF224197.1.1374","uncultured bacterium","JF224197.1.1374_actino_extraction"
"654","Actinomycetaceae_Flaviflexus_FJ672778.1.1379","uncultured bacterium","FJ672778.1.1379_actino_extraction"
"655","Actinomycetaceae_Actinomyces_HQ757668.1.1446","uncultured organism","HQ757668.1.1446_actino_extraction"
"656","Actinomycetaceae_Trueperella_JN578137.1.1471","Trueperella pyogenes","JN578137.1.1471_actino_extraction"
"657","Actinomycetaceae_Actinomyces_JQ450639.1.1429","uncultured bacterium","JQ450639.1.1429_actino_extraction"
"658","Actinomycetaceae_Actinomyces_JQ453502.1.1320","uncultured bacterium","JQ453502.1.1320_actino_extraction"
"659","Actinomycetaceae_Actinomyces_X69616.1.1496","Actinomyces hyovaginalis","X69616.1.1496_actino_extraction"
"660","Actinomycetaceae_Actinomyces_GQ421311.1.1460","Actinomyces oris","GQ421311.1.1460_actino_extraction"
"661","Actinomycetaceae_Actinomyces_JQ031124.1.1510","Actinomyces funkei","JQ031124.1.1510_actino_extraction"
"662","Actinomycetaceae_Actinomyces_JF161504.1.1365","uncultured bacterium","JF161504.1.1365_actino_extraction"
"663","Actinomycetaceae_Actinomyces_JQ454055.1.1433","uncultured bacterium","JQ454055.1.1433_actino_extraction"
"664","Actinomycetaceae_Actinomyces_FM873673.1.1507","uncultured bacterium","FM873673.1.1507_actino_extraction"
"665","Actinomycetaceae_Actinomyces_FJ470464.1.1525","uncultured bacterium","FJ470464.1.1525_actino_extraction"
"666","Actinomycetaceae_uncultured Actinomycetaceae bacterium_EU266839.1.1490","uncultured Actinomycetaceae bacterium","EU266839.1.1490_actino_extraction"
"667","Actinomycetaceae_Actinomyces_JQ450359.1.1415","uncultured bacterium","JQ450359.1.1415_actino_extraction"
"668","Actinomycetaceae_Actinotignum_EU931440.1.1396","uncultured microorganism","EU931440.1.1396_actino_extraction"
"669","Actinomycetaceae_Actinomyces_FTPB01000004.524228.525756","Actinomyces sp. Marseille-P3257","FTPB01000004.524228.525756_actino_extraction"
"670","Actinomycetaceae_Actinomyces_JQ471560.1.1418","uncultured bacterium","JQ471560.1.1418_actino_extraction"
"671","Actinomycetaceae_Actinomyces_JQ475424.1.1436","uncultured bacterium","JQ475424.1.1436_actino_extraction"
"672","Actinomycetaceae_Actinomyces_JQ455994.1.1396","uncultured bacterium","JQ455994.1.1396_actino_extraction"
"673","Actinomycetaceae_Actinomyces_JF186045.1.1369","uncultured bacterium","JF186045.1.1369_actino_extraction"
"674","Actinomycetaceae_Actinomyces_JQ461800.1.1387","uncultured bacterium","JQ461800.1.1387_actino_extraction"
"675","Actinomycetaceae_Actinomyces_JF104846.1.1367","uncultured bacterium","JF104846.1.1367_actino_extraction"
"676","Actinomycetaceae_Actinomyces_JQ475358.1.1405","uncultured bacterium","JQ475358.1.1405_actino_extraction"
"677","Actinomycetaceae_Actinomyces_JQ455103.1.1409","uncultured bacterium","JQ455103.1.1409_actino_extraction"
"678","Actinomycetaceae_Actinomyces_JF187514.1.1369","uncultured bacterium","JF187514.1.1369_actino_extraction"
"679","Actinomycetaceae_Actinomyces_JQ454263.1.1422","uncultured bacterium","JQ454263.1.1422_actino_extraction"
"680","Actinomycetaceae_Actinomyces_KF092551.1.1388","uncultured bacterium","KF092551.1.1388_actino_extraction"
"681","Actinomycetaceae_Actinomyces_JF163406.1.1391","uncultured bacterium","JF163406.1.1391_actino_extraction"
"682","Actinomycetaceae_Actinomyces_JQ453460.1.1423","uncultured bacterium","JQ453460.1.1423_actino_extraction"
"683","Actinomycetaceae_Flaviflexus_FJ670927.1.1391","uncultured bacterium","FJ670927.1.1391_actino_extraction"
"684","Actinomycetaceae_Actinomyces_JF154745.1.1379","uncultured bacterium","JF154745.1.1379_actino_extraction"
"685","Actinomycetaceae_Actinomyces_HQ757782.1.1459","uncultured organism","HQ757782.1.1459_actino_extraction"
"686","Actinomycetaceae_Actinomyces_JQ452489.1.1439","uncultured bacterium","JQ452489.1.1439_actino_extraction"
"687","Actinomycetaceae_Actinomyces_JQ452688.1.1402","uncultured bacterium","JQ452688.1.1402_actino_extraction"
"688","Actinomycetaceae_Actinomyces_KF098099.1.1370","uncultured bacterium","KF098099.1.1370_actino_extraction"
"689","Actinomycetaceae_Actinomyces_FJ557868.1.1395","uncultured bacterium","FJ557868.1.1395_actino_extraction"
"690","Actinomycetaceae_Actinomyces_JF116151.1.1369","uncultured bacterium","JF116151.1.1369_actino_extraction"
"691","Actinomycetaceae_Actinomyces_DQ003632.1.1475","Actinomyces genomosp. P1 oral clone MB6_C03","DQ003632.1.1475_actino_extraction"
"692","Actinomycetaceae_Actinomyces_JF043344.1.1373","uncultured bacterium","JF043344.1.1373_actino_extraction"
"693","Actinomycetaceae_Actinomyces_JQ473810.1.1427","uncultured bacterium","JQ473810.1.1427_actino_extraction"
"694","Actinomycetaceae_Actinomyces_HM263244.1.1354","uncultured bacterium","HM263244.1.1354_actino_extraction"
"695","Actinomycetaceae_Actinomyces_JQ451060.1.1433","uncultured bacterium","JQ451060.1.1433_actino_extraction"
"696","Actinomycetaceae_Actinomyces_AGWP01000005.70.1599","Actinomyces neuii BVS029A5","AGWP01000005.70.1599_actino_extraction"
"697","Actinomycetaceae_Actinomyces_JF161636.1.1356","uncultured bacterium","JF161636.1.1356_actino_extraction"
"698","Actinomycetaceae_Actinomyces_FNHU01000029.4146.5721","Actinomyces ruminicola","FNHU01000029.4146.5721_actino_extraction"
"699","Actinomycetaceae_Actinomyces_KF103885.1.1357","uncultured bacterium","KF103885.1.1357_actino_extraction"
"700","Actinomycetaceae_F0332_JQ452582.1.1411","uncultured bacterium","JQ452582.1.1411_actino_extraction"
"701","Actinomycetaceae_Actinomyces_AUBF01000009.160688.162205","Actinomyces suimastitidis DSM 15538","AUBF01000009.160688.162205_actino_extraction"
"702","Actinomycetaceae_Actinomyces_JQ458019.1.1425","uncultured bacterium","JQ458019.1.1425_actino_extraction"
"703","Actinomycetaceae_Actinomyces_JF188115.1.1358","uncultured bacterium","JF188115.1.1358_actino_extraction"
"704","Actinomycetaceae_Actinomyces_JQ462365.1.1412","uncultured bacterium","JQ462365.1.1412_actino_extraction"
"705","Actinomycetaceae_Actinomyces_LT627670.1.1526","Actinomyces sp. Marseille-P3257","LT627670.1.1526_actino_extraction"
"706","Actinomycetaceae_Actinomyces_GQ030658.1.1360","uncultured bacterium","GQ030658.1.1360_actino_extraction"
"707","Actinomycetaceae_Actinomyces_JQ466578.1.1418","uncultured bacterium","JQ466578.1.1418_actino_extraction"
"708","Actinomycetaceae_Actinomyces_HK555347.1.1515","unidentified","HK555347.1.1515_actino_extraction"
"709","Actinomycetaceae_Trueperella_KF098992.1.1346","uncultured bacterium","KF098992.1.1346_actino_extraction"
"710","Actinomycetaceae_uncultured bacterium_JQ213636.1.1346","uncultured bacterium","JQ213636.1.1346_actino_extraction"
"711","Actinomycetaceae_Actinomyces_JQ462785.1.1430","uncultured bacterium","JQ462785.1.1430_actino_extraction"
"712","Actinomycetaceae_Actinomyces_AF287748.1.1499","Actinomyces sp. oral strain B19SC","AF287748.1.1499_actino_extraction"
"713","Actinomycetaceae_Actinomyces_AJ234066.1.1435","Actinomyces slackii","AJ234066.1.1435_actino_extraction"
"714","Actinomycetaceae_Actinotignum_AY957507.1.1487","Actinotignum schaalii","AY957507.1.1487_actino_extraction"
"715","Actinomycetaceae_Actinomyces_JQ466482.1.1414","uncultured bacterium","JQ466482.1.1414_actino_extraction"
"716","Actinomycetaceae_Mobiluncus_AJ576084.1.1501","Mobiluncus curtisii","AJ576084.1.1501_actino_extraction"
"717","Actinomycetaceae_Actinomyces_JQ453520.1.1313","uncultured bacterium","JQ453520.1.1313_actino_extraction"
"718","Actinomycetaceae_F0332_JQ463665.1.1386","uncultured bacterium","JQ463665.1.1386_actino_extraction"
"719","Actinomycetaceae_Trueperella_GQ134909.1.1339","uncultured bacterium","GQ134909.1.1339_actino_extraction"
"720","Actinomycetaceae_Actinomyces_JQ452773.1.1411","uncultured bacterium","JQ452773.1.1411_actino_extraction"
"721","Actinomycetaceae_Actinomyces_JQ475643.1.1464","uncultured bacterium","JQ475643.1.1464_actino_extraction"
"722","Actinomycetaceae_Actinomyces_JQ475644.1.1431","uncultured bacterium","JQ475644.1.1431_actino_extraction"
"723","Actinomycetaceae_Actinomyces_GU227176.1.1482","uncultured Actinomyces sp.","GU227176.1.1482_actino_extraction"
"724","Actinomycetaceae_Actinomyces_JQ469323.1.1407","uncultured bacterium","JQ469323.1.1407_actino_extraction"
"725","Actinomycetaceae_Actinomyces_HK555373.1.1505","unidentified","HK555373.1.1505_actino_extraction"
"726","Actinomycetaceae_Actinomyces_JQ463550.1.1408","uncultured bacterium","JQ463550.1.1408_actino_extraction"
"727","Actinomycetales Incertae Sedis_Candidatus Ancillula_JQ993592.1.1442","uncultured actinobacterium","JQ993592.1.1442_actino_extraction"
"728","Actinomycetaceae_Actinomyces_KF106684.1.1377","uncultured bacterium","KF106684.1.1377_actino_extraction"
"729","Actinomycetaceae_Trueperella_GQ138201.1.1381","uncultured bacterium","GQ138201.1.1381_actino_extraction"
"730","Actinomycetaceae_Actinomyces_JQ477869.1.1411","uncultured bacterium","JQ477869.1.1411_actino_extraction"
"731","Actinomycetaceae_F0332_JQ466886.1.1311","uncultured bacterium","JQ466886.1.1311_actino_extraction"
"732","Actinomycetaceae_Actinomyces_CP017812.1231696.1233237","Actinomyces sp. VUL4_3","CP017812.1231696.1233237_actino_extraction"
"733","Actinomycetaceae_Varibaculum_FJ169869.1.1480","Varibaculum cambriense","FJ169869.1.1480_actino_extraction"
"734","Actinomycetaceae_F0332_JQ454684.1.1400","uncultured bacterium","JQ454684.1.1400_actino_extraction"
"735","Actinomycetaceae_Actinomyces_JQ452137.1.1333","uncultured bacterium","JQ452137.1.1333_actino_extraction"
"736","Actinomycetaceae_Actinomyces_KF067412.1.1356","uncultured bacterium","KF067412.1.1356_actino_extraction"
"737","Actinomycetaceae_Actinomyces_JQ458265.1.1448","uncultured bacterium","JQ458265.1.1448_actino_extraction"
"738","Actinomycetaceae_F0332_JQ459090.1.1406","uncultured bacterium","JQ459090.1.1406_actino_extraction"
"739","Actinomycetaceae_Actinomyces_FM873274.1.1508","uncultured bacterium","FM873274.1.1508_actino_extraction"
"740","Actinomycetaceae_Actinomyces_JF179884.1.1373","uncultured bacterium","JF179884.1.1373_actino_extraction"
"741","Actinomycetaceae_Actinomyces_JF192087.1.1357","uncultured bacterium","JF192087.1.1357_actino_extraction"
"742","Actinomycetaceae_Actinomyces_JQ452504.1.1425","uncultured bacterium","JQ452504.1.1425_actino_extraction"
"743","Actinomycetaceae_F0332_JQ458090.1.1393","uncultured bacterium","JQ458090.1.1393_actino_extraction"
"744","Actinomycetaceae_Actinomyces_KF101889.1.1387","uncultured bacterium","KF101889.1.1387_actino_extraction"
"745","Actinomycetaceae_Actinomyces_JF115102.1.1357","uncultured bacterium","JF115102.1.1357_actino_extraction"
"746","Actinomycetaceae_Actinomyces_JQ452129.1.1342","uncultured bacterium","JQ452129.1.1342_actino_extraction"
"747","Actinomycetaceae_Actinomyces_JQ455395.1.1419","uncultured bacterium","JQ455395.1.1419_actino_extraction"
"748","Actinomycetaceae_Actinomyces_JQ468624.1.1396","uncultured bacterium","JQ468624.1.1396_actino_extraction"
"749","Actinomycetaceae_Actinomyces_JQ465044.1.1422","uncultured bacterium","JQ465044.1.1422_actino_extraction"
"750","Actinomycetaceae_Actinomyces_JF146384.1.1368","uncultured bacterium","JF146384.1.1368_actino_extraction"
"751","Actinomycetaceae_uncultured_FPLM01003674.1.1254","metagenome","FPLM01003674.1.1254_actino_extraction"
"752","Actinomycetaceae_Actinomyces_JQ447725.1.1410","uncultured bacterium","JQ447725.1.1410_actino_extraction"
"753","Actinomycetaceae_Mobiluncus_KJ874032.1.1319","uncultured bacterium","KJ874032.1.1319_actino_extraction"
"754","Actinomycetaceae_Actinomyces_JQ456646.1.1399","uncultured bacterium","JQ456646.1.1399_actino_extraction"
"755","Actinomycetaceae_Actinotignum_HM284487.1.1364","uncultured bacterium","HM284487.1.1364_actino_extraction"
"756","Actinomycetaceae_Actinomyces_JQ452577.1.1415","uncultured bacterium","JQ452577.1.1415_actino_extraction"
"757","Actinomycetaceae_Arcanobacterium_LT745899.1.1495","Arcanobacterium sp. P5197/15","LT745899.1.1495_actino_extraction"
"758","Actinomycetaceae_Actinomyces_AGWQ01000009.1612.3142","Actinomyces turicensis ACS-279-V-Col4","AGWQ01000009.1612.3142_actino_extraction"
"759","Actinomycetaceae_F0332_JQ452636.1.1271","uncultured bacterium","JQ452636.1.1271_actino"
"760","Actinomycetaceae_Actinomyces_KF106726.1.1372","uncultured bacterium","KF106726.1.1372_actino_extraction"
"761","Actinomycetaceae_F0332_HK555372.10.1527","unidentified","HK555372.10.1527_actino_extraction"
"762","Actinomycetaceae_Actinomyces_KF099176.1.1356","uncultured bacterium","KF099176.1.1356_actino_extraction"
"763","Actinomycetaceae_Actinomyces_KF073570.1.1356","uncultured bacterium","KF073570.1.1356_actino_extraction"
"764","Actinomycetaceae_Actinomyces_GU940721.1.1398","uncultured bacterium","GU940721.1.1398_actino_extraction"
"765","Actinomycetaceae_Actinomyces_AQHZ01000031.142.1681","Actinomyces cardiffensis F0333","AQHZ01000031.142.1681_actino_extraction"
"766","Actinomycetaceae_Actinomyces_JF150656.1.1355","uncultured bacterium","JF150656.1.1355_actino_extraction"
"767","Actinomycetaceae_Actinotignum_FTLO01000026.108331.109851","Actinotignum timonense","FTLO01000026.108331.109851_actino_extraction"
"768","Actinomycetaceae_F0332_JQ462460.1.1400","uncultured bacterium","JQ462460.1.1400_actino_extraction"
"769","Actinomycetaceae_Actinomyces_JQ455602.1.1432","uncultured bacterium","JQ455602.1.1432_actino_extraction"
"770","Actinomycetaceae_Actinomyces_HK555358.1.1484","unidentified","HK555358.1.1484_actino_extraction"
"771","Actinomycetaceae_Actinomyces_JQ475766.1.1422","uncultured bacterium","JQ475766.1.1422_actino_extraction"
"772","Actinomycetaceae_Actinomyces_GU561321.1.1411","Actinomyces meyeri","GU561321.1.1411_actino_extraction"
"773","Actinomycetaceae_Varibaculum_JQ216805.1.1361","uncultured bacterium","JQ216805.1.1361_actino_extraction"
"774","Actinomycetaceae_Actinomyces_AB298759.1.1312","Actinomycetaceae bacterium SH124","AB298759.1.1312_actino_extraction"
"775","Actinomycetaceae_Actinomyces_KF101672.1.1389","uncultured bacterium","KF101672.1.1389_actino_extraction"
"776","Actinomycetales Incertae Sedis_Candidatus Ancillula_AB089080.1.1301","uncultured Actinobacteridae bacterium","AB089080.1.1301_actino_extraction"
"777","Actinomycetaceae_Actinomyces_JQ467235.1.1431","uncultured bacterium","JQ467235.1.1431_actino_extraction"
"778","Actinomycetaceae_Actinomyces_JQ470107.1.1403","uncultured bacterium","JQ470107.1.1403_actino_extraction"
"779","Actinomycetaceae_Varibaculum_JF146366.1.1361","uncultured bacterium","JF146366.1.1361_actino_extraction"
"780","Actinomycetaceae_Flaviflexus_CSSZ01000007.515197.516706","Flaviflexus massiliensis","CSSZ01000007.515197.516706_actino_extraction"
"781","Actinomycetaceae_Actinomyces_HQ717198.1.1314","Actinomyces sp. C1I26","HQ717198.1.1314_actino_extraction"
"782","Actinomycetaceae_Actinomyces_JQ468491.1.1411","uncultured bacterium","JQ468491.1.1411_actino_extraction"
"783","Actinomycetaceae_Actinomyces_JQ463232.1.1423","uncultured bacterium","JQ463232.1.1423_actino_extraction"
"784","Actinomycetaceae_Actinomyces_KF088973.1.1368","uncultured bacterium","KF088973.1.1368_actino_extraction"
"785","Actinomycetaceae_Actinomyces_JQ447512.1.1412","uncultured bacterium","JQ447512.1.1412_actino_extraction"
"786","Actinomycetaceae_Arcanobacterium_FJ671023.1.1384","uncultured bacterium","FJ671023.1.1384_actino_extraction"
"787","Actinomycetaceae_Actinomyces_JQ452430.1.1385","uncultured bacterium","JQ452430.1.1385_actino_extraction"
"788","Actinomycetaceae_Actinomyces_JQ447496.1.1455","uncultured bacterium","JQ447496.1.1455_actino_extraction"
"789","Actinomycetaceae_Actinomyces_AWSG01000193.265.1795","Actinomyces sp. oral taxon 877 str. F0543","AWSG01000193.265.1795_actino_extraction"
"790","Actinomycetaceae_Varibaculum_JF193210.1.1359","uncultured bacterium","JF193210.1.1359_actino_extraction"
"791","Actinomycetaceae_Actinotignum_CP008802.1249191.1250735","Actinotignum schaalii","CP008802.1249191.1250735_actino_extraction"
"792","Actinomycetaceae_Actinotignum_HQ992948.1.1500","Actinotignum schaalii","HQ992948.1.1500_actino_extraction"
"793","Actinomycetaceae_Actinomyces_JF146135.1.1391","uncultured bacterium","JF146135.1.1391_actino_extraction"
"794","Actinomycetaceae_Actinomyces_JQ476849.1.1440","uncultured bacterium","JQ476849.1.1440_actino_extraction"
"795","Actinomycetaceae_Actinomyces_JQ468460.1.1391","uncultured bacterium","JQ468460.1.1391_actino_extraction"
"796","Actinomycetaceae_Actinomyces_AF385521.1.1532","Actinomyces sp. oral strain Hal-1065","AF385521.1.1532_actino_extraction"
"797","Actinomycetaceae_Actinomyces_HG917224.1.1471","uncultured actinobacterium","HG917224.1.1471_actino_extraction"
"798","Actinomycetaceae_Actinomyces_KF101668.1.1358","uncultured bacterium","KF101668.1.1358_actino_extraction"
"799","Actinomycetaceae_Actinomyces_KF101119.1.1386","uncultured bacterium","KF101119.1.1386_actino_extraction"
"800","Actinomycetaceae_Actinomyces_JQ455703.1.1412","uncultured bacterium","JQ455703.1.1412_actino_extraction"
"801","Actinomycetaceae_Actinomyces_AFQC01000059.3757.5301","Actinomyces sp. oral taxon 448 str. F0400","AFQC01000059.3757.5301_actino_extraction"
"802","Actinomycetaceae_Varibaculum_AZMI01000001.68181.69700","Varibaculum cambriense DORA_20","AZMI01000001.68181.69700_actino_extraction"
"803","Actinomycetales Incertae Sedis_Candidatus Ancillula_KP690824.1.1313","uncultured bacterium","KP690824.1.1313_actino_extraction"
"804","Actinomycetaceae_Actinomyces_JQ466084.1.1441","uncultured bacterium","JQ466084.1.1441_actino_extraction"
"805","Actinomycetaceae_Actinomyces_JN700210.1.1410","Actinomyces sp. AF104-MH","JN700210.1.1410_actino_extraction"
"806","Actinomycetaceae_Actinomyces_AB849332.1.1465","Actinomyces nasicola","AB849332.1.1465_actino_extraction"
"807","Actinomycetaceae_Actinomyces_HM308748.1.1356","uncultured bacterium","HM308748.1.1356_actino_extraction"
"808","Actinomycetaceae_Actinomyces_JF241326.1.1383","uncultured bacterium","JF241326.1.1383_actino_extraction"
"809","Actinomycetaceae_Actinomyces_JQ462159.1.1427","uncultured bacterium","JQ462159.1.1427_actino_extraction"
"810","Actinomycetaceae_Actinomyces_JQ449710.1.1408","uncultured bacterium","JQ449710.1.1408_actino_extraction"
"811","Actinomycetaceae_Actinomyces_JQ455491.1.1361","uncultured bacterium","JQ455491.1.1361_actino_extraction"
"812","Actinomycetaceae_Actinomyces_DQ378174.1.1499","uncultured Actinomycetales bacterium","DQ378174.1.1499_actino_extraction"
"813","Actinomycetaceae_Actinomyces_JQ473165.1.1354","uncultured bacterium","JQ473165.1.1354_actino_extraction"
"814","Actinomycetaceae_uncultured_FPLM01007835.18.1285","metagenome","FPLM01007835.18.1285_actino_extraction"
"815","Actinomycetaceae_Actinomyces_FJ393068.1.1500","uncultured Actinomycetales bacterium","FJ393068.1.1500_actino_extraction"
"816","Actinomycetaceae_Actinomyces_HK555368.10.1548","unidentified","HK555368.10.1548_actino_extraction"
"817","Actinomycetaceae_Actinomyces_AJ234039.1.1513","Actinomyces bowdenii","AJ234039.1.1513_actino_extraction"
"818","Actinomycetaceae_Actinomyces_HK555364.1.1532","unidentified","HK555364.1.1532_actino_extraction"
"819","Actinomycetaceae_Actinomyces_HQ717199.1.1320","Actinomyces sp. C1I30","HQ717199.1.1320_actino_extraction"
"820","Actinomycetaceae_Actinomyces_JQ465365.1.1414","uncultured bacterium","JQ465365.1.1414_actino_extraction"
"821","Actinomycetaceae_Mobiluncus_KJ874152.1.1320","uncultured bacterium","KJ874152.1.1320_actino_extraction"
"822","Actinomycetaceae_Actinomyces_JF062451.1.1370","uncultured bacterium","JF062451.1.1370_actino_extraction"
"823","Actinomycetaceae_F0332_JQ467271.1.1407","uncultured bacterium","JQ467271.1.1407_actino_extraction"
"824","Actinomycetaceae_Actinomyces_HQ757968.1.1451","uncultured organism","HQ757968.1.1451_actino_extraction"
"825","Actinomycetaceae_Varibaculum_JF195563.1.1360","uncultured bacterium","JF195563.1.1360_actino_extraction"
"826","Actinomycetaceae_Mobiluncus_HK556531.10.1527","unidentified","HK556531.10.1527_actino_extraction"
"827","Actinomycetaceae_Varibaculum_FJ960123.1.1404","uncultured bacterium","FJ960123.1.1404_actino_extraction"
"828","Actinomycetaceae_Actinomyces_CU926676.1.1353","uncultured bacterium","CU926676.1.1353_actino_extraction"
"829","Actinomycetaceae_Actinomyces_JQ468495.1.1425","uncultured bacterium","JQ468495.1.1425_actino_extraction"
"830","Actinomycetaceae_Actinomyces_GU561318.1.1429","Actinomyces odontolyticus","GU561318.1.1429_actino_extraction"
"831","Actinomycetaceae_Actinomyces_JQ458232.1.1421","uncultured bacterium","JQ458232.1.1421_actino_extraction"
"832","Actinomycetaceae_Actinomyces_JF211162.1.1390","uncultured bacterium","JF211162.1.1390_actino_extraction"
"833","Actinomycetaceae_Actinomyces_JQ451865.1.1433","uncultured bacterium","JQ451865.1.1433_actino_extraction"
"834","Actinomycetaceae_Actinomyces_JQ460427.1.1401","uncultured bacterium","JQ460427.1.1401_actino_extraction"
"835","Actinomycetales Incertae Sedis_Candidatus Ancillula_AXYY01000034.314.1814","Candidatus Ancillula trichonymphae ImTpAt","AXYY01000034.314.1814_actino_extraction"
"836","Actinomycetaceae_Actinotignum_FTLO01000001.1584.3025","Actinotignum timonense","FTLO01000001.1584.3025_actino_extraction"
"837","Goat_clone_EF533992.1","wetzels","EF533992.1_annotated_16s_extraction Lactobacillus acidophilus strain IDCC 3301 16S ribosomal RNA gene, complete sequence"
"838","Goat_clone_LN612927.1","wetzels","LN612927.1_extraction Uncultured rumen bacterium partial 16S rRNA gene, clone P2_4_22"
"839","Goat_clone_LN612874.1","wetzels","LN612874.1_extraction Uncultured rumen bacterium partial 16S rRNA gene, clone P2_1_21"
"840","Goat_clone_LN612931.1","wetzels","LN612931.1_extraction Uncultured rumen bacterium partial 16S rRNA gene, clone P2_4_26"
"841","Goat_clone_LN612939.1","wetzels","LN612939.1_extraction Uncultured rumen bacterium partial 16S rRNA gene, clone P2_5_19"
"842","Goat_clone_LN613086.1","wetzels","LN613086.1_extraction Uncultured rumen bacterium partial 16S rRNA gene, clone P2_9_01"
"843","Goat_clone_LN612905.1","wetzels","LN612905.1_extraction Uncultured rumen bacterium partial 16S rRNA gene, clone P2_2_31"
"844","Goat_clone_LN612913.1","wetzels","LN612913.1_extraction Uncultured rumen bacterium partial 16S rRNA gene, clone P2_3_30"
"845","Goat_clone_LN612883.1","wetzels","LN612883.1_extraction Uncultured rumen bacterium partial 16S rRNA gene, clone P2_1_30"
"846","i21_isolate_i21","strachan","i21__Assembly_2_extraction 4 reads from i21_"
"847","Goat_clone_LN612847.1","wetzels","LN612847.1_extraction Uncultured rumen bacterium partial 16S rRNA gene, clone P1_4_19"
"848","Goat_clone_AB239484.1","wetzels","AB239484.1_extraction Rumen bacterium R-14 gene for 16S ribosomal RNA, partial sequence"
"849","Goat_clone_LN612870.1","wetzels","LN612870.1_extraction Uncultured rumen bacterium partial 16S rRNA gene, clone P2_1_18"
"850","Goat_clone_LN613055.1","wetzels","LN613055.1_extraction Uncultured rumen bacterium partial 16S rRNA gene, clone P2_5_32"
"851","Goat_clone_MK209065.1","wetzels","MK209065.1_extraction Actinobaculum sp. strain 313 16S ribosomal RNA gene, partial sequence"
"852","Goat_clone_MK209066.1","wetzels","MK209066.1_extraction Actinobaculum sp. strain 352 16S ribosomal RNA gene, partial sequence"
"853","Goat_clone_MK994022.1","wetzels","MK994022.1_extraction Actinobaculum sp. strain 352 16S ribosomal RNA gene, partial sequence"
"854","Goat_clone_MK994021.1","wetzels","MK994021.1_extraction Actinobaculum sp. strain 313 16S ribosomal RNA gene, partial sequence"
"855","Goat_clone_HM008736.1","wetzels","HM008736.1_extraction Uncultured bacterium clone Camel_AAR_013 16S ribosomal RNA gene, partial sequence"
